time_s,source_time_s,solver_step,inflow,btrunk,carotid,subclavian,outflow
-1.7763568394002505e-15,9.40748,10040,0.00017813749882089153,7.154905501075905e-05,1.5275907046639782e-05,2.5995843633378363e-05,6.531669287227284e-05
0.004684999999998496,9.412165,10045,0.00020651480396014394,8.110912625349138e-05,1.7396803002193657e-05,2.9524528337976366e-05,7.848434263747314e-05
0.009369999999998768,9.41685,10050,0.0002355991507787297,9.048052598841958e-05,1.9519727383307233e-05,3.305227133665273e-05,9.254661783722793e-05
0.01405499999999904,9.421535,10055,0.00026482027029007675,9.94027145528948e-05,2.1592223712365763e-05,3.6492399012042004e-05,0.00010733292215431227
0.018739999999999313,9.42622,10060,0.00029378508835291084,0.00010771044409645274,2.3588661475982663e-05,3.981126425482683e-05,0.00012267470695569223
0.02342499999999781,9.430905,10065,0.00032152121402539405,0.00011493372453985542,2.5426357413531473e-05,4.28755756105151e-05,0.00013828554306897524
0.02810999999999808,9.43559,10070,0.0003481654300026329,0.00012111882996003099,2.7152287177664224e-05,4.5788749687195945e-05,0.00015410553281562986
0.03279499999999835,9.440275,10075,0.00037331786848518775,0.00012613220460158518,2.873218601529389e-05,4.8499500517986e-05,0.00016995395906101252
0.037479999999998626,9.44496,10080,0.00039651633846422233,0.00013001585268489275,3.010422335171035e-05,5.088620240377378e-05,0.00018551004253750293
0.0421649999999989,9.449645,10085,0.00041771692027192566,0.00013301241886643633,3.1264647783628303e-05,5.2912882141199644e-05,0.00020052695380607237
0.04684999999999917,9.45433,10090,0.0004363646228472645,0.00013508612456439783,3.215654048726781e-05,5.4466567077267336e-05,0.00021465537672999205
0.05153499999999944,9.459015,10095,0.00045281446797224326,0.00013666139816248036,3.280608434041445e-05,5.561583059408593e-05,0.0002277311422244585
0.05621999999999794,9.4637,10100,0.00046691862810796427,0.00013778622617536258,3.320370199526455e-05,5.635886705396368e-05,0.00023956982082198685
0.06090499999999821,9.468385,10105,0.000478435237078988,0.0001384251899468591,3.3358833401378604e-05,5.667418444952775e-05,0.00024997702607847935
0.06558999999999848,9.47307,10110,0.0004873990851047998,0.00013868043301941288,3.331892438662346e-05,5.6573934223873854e-05,0.00025882579430273596
0.07027499999999876,9.477755,10115,0.0004941815175402724,0.00013882761616571115,3.315111470840375e-05,5.6129027544875287e-05,0.00026607375721596715
0.07495999999999903,9.48244,10120,0.0004988450076974787,0.00013908033780448407,3.282040682179958e-05,5.532169243026385e-05,0.00027162256923354285
0.0796449999999993,9.487125,10125,0.0005013773245770093,0.0001392571403770264,3.24194253621578e-05,5.422672721543475e-05,0.00027547403139350693
0.0843299999999978,9.49181,10130,0.0005019553435333501,0.00013879068267656682,3.220469667718971e-05,5.3064424347522946e-05,0.00027789554953351993
0.08901499999999807,9.496495,10135,0.0005008686737404273,0.000137684928301352,3.201387063798429e-05,5.198875886854373e-05,0.00027918111508053417
0.09369999999999834,9.50118,10140,0.0004983062354674457,0.00013598232573760886,3.169806439669808e-05,5.107232880613714e-05,0.0002795535237475016
0.09838499999999861,9.505865,10145,0.000494313642614664,0.0001335733588577888,3.13558680133101e-05,5.0297287094591735e-05,0.00027908713799308323
0.10306999999999888,9.51055,10150,0.0004889605600860316,0.0001305818177466098,3.0966653264691055e-05,4.963257516037949e-05,0.000277779525685582
0.10775499999999916,9.515235,10155,0.0004826604855828994,0.00012741059508013589,3.044674264229919e-05,4.906492169532194e-05,0.00027573824994355195
0.11243999999999943,9.51992,10160,0.00047534978451465476,0.00012416035040143059,2.9781552034076096e-05,4.842520853471224e-05,0.0002729826875930329
0.11712499999999793,9.524605,10165,0.0004672639162671416,0.00012094137128831772,2.9013640372684646e-05,4.771843983616263e-05,0.00026959047211427004
0.1218099999999982,9.52929,10170,0.000458327323615959,0.00011750619121803855,2.8150278585936688e-05,4.702801278039836e-05,0.00026564284474165636
0.12649499999999847,9.533975,10175,0.000448935065488682,0.00011387344166703705,2.7306274059845028e-05,4.635705843619156e-05,0.0002613982895859301
0.13117999999999874,9.53866,10180,0.00043891073055581006,0.00010997689102914217,2.6434359451738534e-05,4.5538121829873104e-05,0.0002569613530747431
0.13586499999999901,9.543345,10185,0.00042852102377281495,0.00010581609869817708,2.553864204718353e-05,4.4644159238529916e-05,0.00025252212157430784
0.1405499999999993,9.54803,10190,0.00041767624094078774,0.00010100246180878852,2.4786489499825232e-05,4.374966529691968e-05,0.00024813762775139893
0.14523499999999956,9.552715000000001,10195,0.0004064668151394473,9.56844139379312e-05,2.4078223610346292e-05,4.2914160406025325e-05,0.00024379001819741707
0.14991999999999805,9.5574,10200,0.0003950424303786272,9.034916478206784e-05,2.342060358699978e-05,4.20336619077489e-05,0.00023923899649937614
0.15460499999999833,9.562085,10205,0.00038324164599936564,8.569361403221133e-05,2.245986623138981e-05,4.092697074351074e-05,0.00023416120015923747
0.1592899999999986,9.56677,10210,0.0003711734793319574,8.152065540506412e-05,2.1265128443439882e-05,3.9599130040662156e-05,0.00022878857543301776
0.16397499999999887,9.571455,10215,0.0003588640539060847,7.708681769972538e-05,2.030179063578928e-05,3.810129374712609e-05,0.00022337415847185498
0.16865999999999914,9.57614,10220,0.00034638211473234033,7.266674336221187e-05,1.9277073918053155e-05,3.6555161003444245e-05,0.00021788313926317075
0.17334499999999942,9.580825,10225,0.0003334671191810325,6.732389429794203e-05,1.8516383688207437e-05,3.511774799813594e-05,0.0002125090904866652
0.1780299999999979,9.58551,10230,0.0003203152055127831,6.133843560138823e-05,1.7872649759842364e-05,3.392712839545661e-05,0.00020717699901803014
0.18271499999999818,9.590195,10235,0.0003067250329971106,5.571503891466228e-05,1.7017945573229447e-05,3.260971206355223e-05,0.00020138234747990109
0.18739999999999846,9.59488,10240,0.0002926608811169286,5.1753795662089645e-05,1.5803904709657367e-05,3.05507254406473e-05,0.00019455246792808714
0.19208499999999873,9.599565,10245,0.0002780854616666571,4.8257947245267666e-05,1.4372428215843082e-05,2.83791741826062e-05,0.00018707592456626652
0.196769999999999,9.60425,10250,0.00026304067867237023,4.386352381583009e-05,1.3139903203314691e-05,2.647073008100371e-05,0.0001795665288388529
0.20145499999999927,9.608935,10255,0.0002473842761997605,3.841654131722386e-05,1.207305477682291e-05,2.4799825920835495e-05,0.00017209485970329902
0.20613999999999955,9.613620000000001,10260,0.00023110163247635015,3.2363893684602356e-05,1.1005535197818901e-05,2.3210232222682876e-05,0.00016452197628058813
0.21082499999999804,9.618305,10265,0.0002143938834657901,2.5862270102447086e-05,1.0054138001921311e-05,2.1623312723328877e-05,0.00015685415943176092
0.21550999999999831,9.62299,10270,0.0001967282672542398,1.9296772075360902e-05,8.913116129054577e-06,1.970675288812753e-05,0.00014881163143512223
0.2201949999999986,9.627675,10275,0.00017884862749240844,1.3456094197531536e-05,7.600190833493139e-06,1.7517160286462294e-05,0.00014027519063017525
0.22487999999999886,9.63236,10280,0.0001603038383537944,7.514041259795962e-06,6.2334789612239664e-06,1.5282367765640844e-05,0.00013127395254559235
0.22956499999999913,9.637045,10285,0.00014158995438265574,1.4031278097056305e-06,4.87220736017106e-06,1.3255523830137083e-05,0.0001220591068475879
0.2342499999999994,9.64173,10290,0.0001224121694250364,-4.946831551665917e-06,3.511175705687927e-06,1.126065643372547e-05,0.00011258717501860434
0.2389349999999979,9.646415,10295,0.00010365664875263274,-1.0550554577828002e-05,2.1350899741361296e-06,9.21542524626263e-06,0.00010285669319563804
0.24361999999999817,9.6511,10300,8.486508769367309e-05,-1.5668323268799858e-05,6.524562780177793e-07,7.048504679777215e-06,9.283245553112466e-05
0.24830499999999844,9.655785,10305,6.667821777420004e-05,-2.066078376766947e-05,-7.529757384179954e-07,5.123399984235969e-06,8.296857835209334e-05
0.2529899999999987,9.66047,10310,4.92201793599494e-05,-2.5505323738470968e-05,-2.0275635915096496e-06,3.3991144929953745e-06,7.335395180782487e-05
0.257674999999999,9.665155,10315,3.256606359238668e-05,-2.9953484952456657e-05,-3.0109878219528005e-06,1.7075506413685743e-06,6.382298685496342e-05
0.26235999999999926,9.66984,10320,1.7058548696231542e-05,-3.375741002261584e-05,-3.802097882005839e-06,1.457369173821693e-07,5.447232151515569e-05
0.26704499999999953,9.674525000000001,10325,2.9971334275328925e-06,-3.683789986204221e-05,-4.36565920656325e-06,-1.233565683893592e-06,4.5434260297595394e-05
0.27172999999999803,9.67921,10330,-9.448574857443499e-06,-3.9117368562574e-05,-4.752075299127592e-06,-2.422102092867092e-06,3.6842973916568076e-05
0.2764149999999983,9.683895,10335,-2.0250345237255614e-05,-4.0602343465688726e-05,-5.043712686200464e-06,-3.3893443167048052e-06,2.8785057561016056e-05
0.2810999999999986,9.68858,10340,-2.9250274318132076e-05,-4.1326200583338856e-05,-5.220744937787338e-06,-4.07871036593897e-06,2.1375383373692497e-05
0.28578499999999885,9.693265,10345,-3.658486406686369e-05,-4.142734047008286e-05,-5.290400067097072e-06,-4.505716017597293e-06,1.4638594468358787e-05
0.2904699999999991,9.69795,10350,-4.1954679055434806e-05,-4.0784260470097105e-05,-5.2065771817423595e-06,-4.6294777764885374e-06,8.665632985920463e-06
0.2951549999999994,9.702635,10355,-4.553790939638297e-05,-3.947226778899651e-05,-4.993987278130448e-06,-4.5247957041159655e-06,3.453140113563178e-06
0.2998399999999979,9.70732,10360,-4.7494235321734216e-05,-3.755094875229895e-05,-4.703036946284371e-06,-4.237105175782884e-06,-1.0031454077646917e-06
0.30452499999999816,9.712005,10365,-4.798492418863402e-05,-3.510218053334057e-05,-4.375609610757844e-06,-3.7936271150335126e-06,-4.713502505599238e-06
0.30920999999999843,9.71669,10370,-4.7081824493304636e-05,-3.220654283772426e-05,-4.002128020652521e-06,-3.2056509798004586e-06,-7.667507196888092e-06
0.3138949999999987,9.721375,10375,-4.498129861483587e-05,-2.9010911849314763e-05,-3.574520117721875e-06,-2.5062717537052515e-06,-9.889600645530261e-06
0.318579999999999,9.72606,10380,-4.198788685470207e-05,-2.5685448918769334e-05,-3.1091343409006095e-06,-1.7488757291248097e-06,-1.1444433382985338e-05
0.32326499999999925,9.730745,10385,-3.834047519268681e-05,-2.234866931129903e-05,-2.6226790476636535e-06,-9.6893500769966e-07,-1.2400194135544378e-05
0.3279499999999995,9.735430000000001,10390,-3.4104239991861315e-05,-1.9024875475064672e-05,-2.112712145014191e-06,-1.6930981721026388e-07,-1.2797337859941919e-05
0.332634999999998,9.740115,10395,-2.9604223822477604e-05,-1.58579804762266e-05,-1.6066960143129943e-06,5.949587488964926e-07,-1.273449195842216e-05
0.3373199999999983,9.7448,10400,-2.499207825870445e-05,-1.2897338316551801e-05,-1.1163796061263554e-06,1.306920781143025e-06,-1.2285268187364889e-05
0.34200499999999856,9.749485,10405,-2.0468941581661173e-05,-1.0211377883923484e-05,-6.598489214467003e-07,1.9435929194624577e-06,-1.1541294838613915e-05
0.34668999999999883,9.75417,10410,-1.6050674251091785e-05,-7.779204427246105e-06,-2.3496183859688933e-07,2.51781280155136e-06,-1.0554309348778589e-05
0.3513749999999991,9.758855,10415,-1.1977650612167674e-05,-5.692848489424884e-06,1.361050706687568e-07,2.9987148610925805e-06,-9.41961228856003e-06
0.3560599999999994,9.76354,10420,-8.191666303019113e-06,-3.894673136578231e-06,4.6366265151741965e-07,3.412280253462589e-06,-8.172925761220484e-06
0.3607449999999979,9.768225,10425,-4.758947549921438e-06,-2.3919270537419506e-06,7.433827553591659e-07,3.7544808431020496e-06,-6.864876859598681e-06
0.36542999999999815,9.77291,10430,-1.661087794494226e-06,-1.1491574647839085e-06,9.802717210202703e-07,4.0366664663472945e-06,-5.5288583389329195e-06
0.3701149999999984,9.777595,10435,9.870782632842821e-07,-1.9862432488636257e-07,1.1652182074331148e-06,4.241165785481054e-06,-4.2206857680464125e-06
0.3747999999999987,9.78228,10440,3.363580589053597e-06,5.712422972863658e-07,1.3190018134808391e-06,4.405635669391591e-06,-2.93230361770178e-06
0.37948499999999896,9.786965,10445,5.464013102226459e-06,1.1775249553093302e-06,1.4419805280575877e-06,4.529548260599028e-06,-1.6850464617157403e-06
0.38416999999999923,9.79165,10450,7.310334392777851e-06,1.6491010581043287e-06,1.5372727684896202e-06,4.6178083998747035e-06,-4.938528417207714e-07
0.3888549999999995,9.796335000000001,10455,8.97159911180903e-06,2.0335344811497945e-06,1.6124888752535413e-06,4.682419256623325e-06,6.431480552321065e-07
0.393539999999998,9.80102,10460,1.0446400753287344e-05,2.3393298015862393e-06,1.6681258890052655e-06,4.722620882174793e-06,1.7163188625217956e-06
0.3982249999999983,9.805705,10465,1.1800384629030949e-05,2.603286261382914e-06,1.712370024498771e-06,4.751046469164616e-06,2.73367639718849e-06
0.40290999999999855,9.81039,10470,1.3026476494832801e-05,2.823106201885488e-06,1.745577013567451e-06,4.766524914623847e-06,3.691266287817014e-06
0.4075949999999988,9.815075,10475,1.4113368750631526e-05,2.9940989641377207e-06,1.767471958241788e-06,4.767124396583768e-06,4.5846676089328346e-06
0.4122799999999991,9.81976,10480,1.5060920281630352e-05,3.117617312980052e-06,1.7786852780879171e-06,4.752790815563799e-06,5.411823195089619e-06
0.41696499999999936,9.824445,10485,1.5874874972818277e-05,3.198318801127644e-06,1.7805095242132803e-06,4.724437615757751e-06,6.171606129581885e-06
0.42164999999999786,9.82913,10490,1.6519816249285114e-05,3.2204852720053933e-06,1.769715574692174e-06,4.675373707362995e-06,6.854227135417077e-06
0.42633499999999813,9.833815,10495,1.6964086953543462e-05,3.170984994838711e-06,1.7437487421507252e-06,4.60100878220498e-06,7.448325096495032e-06
0.4310199999999984,9.8385,10500,1.7212041031517333e-05,3.054525859513429e-06,1.7038061879540426e-06,4.503900032161868e-06,7.949797665821202e-06
0.4357049999999987,9.843185,10505,1.7254398397445013e-05,2.869127626609876e-06,1.64975189767836e-06,4.383772215975387e-06,8.351740094743792e-06
0.44038999999999895,9.84787,10510,1.7095792893834863e-05,2.619752965361712e-06,1.5827691164216256e-06,4.2425755534515604e-06,8.650695679714204e-06
0.4450749999999992,9.852555,10515,1.670956346927211e-05,2.2953648979107994e-06,1.5004967563305389e-06,4.075724031773299e-06,8.837980042129926e-06
0.4497599999999995,9.857240000000001,10520,1.6151188912807e-05,1.924978751604968e-06,1.409043674003439e-06,3.8946484724533105e-06,8.922509374642475e-06
0.454444999999998,9.861925,10525,1.545798732249575e-05,1.5275176604629995e-06,1.3123161104375233e-06,3.7065459625432243e-06,8.911599010656174e-06
0.45912999999999826,9.86661,10530,1.4649842730071661e-05,1.1123957765041469e-06,1.2118981009746275e-06,3.5139070519201486e-06,8.811633793434751e-06
0.46381499999999853,9.871295,10535,1.378912871763965e-05,7.092776014002134e-07,1.1137951906119402e-06,3.3265908982597387e-06,8.639457278745993e-06
0.4684999999999988,9.87598,10540,1.2923299165186152e-05,3.387597739790969e-07,1.021999639874211e-06,3.150686745698142e-06,8.411845393511601e-06
0.4731849999999991,9.880665,10545,1.2115588651540769e-05,2.7549810815710626e-08,9.41908529340188e-07,2.9949324873621173e-06,8.151191751877052e-06
0.47786999999999935,9.88535,10550,1.1390612840615919e-05,-2.1799354608230466e-07,8.746459752524078e-07,2.86074026637831e-06,7.873215124521697e-06
0.48255499999999785,9.890035,10555,1.0821048155398397e-05,-3.6850630358339e-07,8.264505651270539e-07,2.759031105845597e-06,7.604071278642402e-06
0.4872399999999981,9.89472,10560,1.0417183034471221e-05,-4.2615601113670776e-07,7.968704167939744e-07,2.6884879558808027e-06,7.358026424687567e-06
0.4919249999999984,9.899405,10565,1.018553848573232e-05,-3.953120960605385e-07,7.849132841831753e-07,2.6476081536482632e-06,7.148356153612693e-06
0.49660999999999866,9.90409,10570,1.0128820468578967e-05,-2.8117182393339e-07,7.897651419236681e-07,2.6346763198355126e-06,6.985562023617942e-06
0.5012949999999989,9.908775,10575,1.025560965547983e-05,-8.545099413201977e-08,8.1131311816406e-07,2.6497312066810176e-06,6.880001562252738e-06
0.5059799999999992,9.91346,10580,1.0516597208351267e-05,1.6263498379843556e-07,8.437061191301398e-07,2.6824319662183347e-06,6.827806815220628e-06
0.5106649999999995,9.918145,10585,1.0866713861743392e-05,4.37600021781624e-07,8.818048025580955e-07,2.72409271304276e-06,6.823199450612579e-06
0.515349999999998,9.92283,10590,1.1258268109318581e-05,7.145876911493718e-07,9.207072341535658e-07,2.766647900149799e-06,6.85631062386574e-06
0.5200349999999982,9.927515,10595,1.1644728930602507e-05,9.709431128244854e-07,9.559691636048686e-07,2.802759749644845e-06,6.915044816941193e-06
0.5247199999999985,9.9322,10600,1.1958427695842343e-05,1.1753516934752672e-06,9.811946126680858e-07,2.8217158744291393e-06,6.980151794023966e-06
0.5294049999999988,9.936885,10605,1.21646284836627e-05,1.3144850126758134e-06,9.93799803827046e-07,2.819620297944574e-06,7.036709894561761e-06
0.5340899999999991,9.94157,10610,1.2222724221985592e-05,1.3730949018708065e-06,9.90698579482965e-07,2.791459200077995e-06,7.067471452022939e-06
0.5387749999999993,9.946255,10615,1.2088337234084611e-05,1.3350259206832578e-06,9.684997118445095e-07,2.7315363769902085e-06,7.053303246082667e-06
0.5434599999999978,9.95094,10620,1.175122587350901e-05,1.201234448461786e-06,9.272933496654025e-07,2.640406841897079e-06,6.982342265212393e-06
0.5481449999999981,9.955625,10625,1.1222207209011951e-05,9.828197842749894e-07,8.693223615927808e-07,2.52222060379389e-06,6.847916431144905e-06
0.5528299999999984,9.96031,10630,1.0522013510097477e-05,6.950122230584268e-07,7.977222685529267e-07,2.382466764782195e-06,6.646783227370767e-06
0.5575149999999987,9.964995,10635,9.667209478581373e-06,3.497157102008307e-07,7.146759236453883e-07,2.22474686280483e-06,6.378073035929728e-06
0.5621999999999989,9.96968,10640,8.694419947966367e-06,-3.2526825560144103e-08,6.242336103705475e-07,2.0560780364880045e-06,6.046645749606384e-06
0.5668849999999992,9.974365,10645,7.677933347444094e-06,-4.14345392282547e-07,5.340923988657986e-07,1.8896476665731285e-06,5.668540493144938e-06
0.5715699999999995,9.97905,10650,6.649564136164555e-06,-7.81099740909273e-07,4.469955025494169e-07,1.729661886395078e-06,5.254006098433772e-06
0.576254999999998,9.983735,10655,5.674563469702065e-06,-1.1029385631240413e-06,3.690325514708362e-07,1.5863737343135174e-06,4.822096700663787e-06
0.5809399999999982,9.98842,10660,4.8087850959752384e-06,-1.356310835254554e-06,3.0496449875606797e-07,1.4675029656205783e-06,4.392632151035089e-06
0.5856249999999985,9.993105,10665,4.090100359286177e-06,-1.5277279751682073e-06,2.5750663108287083e-07,1.3770400385764333e-06,3.983293566212186e-06
0.5903099999999988,9.99779,10670,3.532330626644492e-06,-1.6162188120554592e-06,2.2668267128092728e-07,1.3144535207631498e-06,3.607404174924534e-06
0.594994999999999,10.002475,10675,3.1687124459386455e-06,-1.6111877332888346e-06,2.1476981113425156e-07,1.2835073094312255e-06,3.2816053986804397e-06
0.5996799999999993,10.00716,10680,3.0050949451521902e-06,-1.5155537908584736e-06,2.2121649125993106e-07,1.282937968875992e-06,3.016511869947655e-06
0.6043649999999978,10.011845,10685,3.006773779476419e-06,-1.3516121719283544e-06,2.414975149372328e-07,1.3044859916780455e-06,2.812406325104049e-06
0.6090499999999981,10.01653,10690,3.1491706645839896e-06,-1.135323671527677e-06,2.723254956144786e-07,1.3426977638815156e-06,2.6694756584301488e-06
0.6137349999999984,10.021215,10695,3.3921311650511968e-06,-8.891219633158939e-07,3.092457776451198e-07,1.390020416605323e-06,2.581970390522964e-06
0.6184199999999986,10.0259,10700,3.693261177091958e-06,-6.347744833919697e-07,3.4794673041255437e-07,1.43941750345967e-06,2.5406536964180796e-06
0.6231049999999989,10.030585,10705,3.994219620071553e-06,-4.0046040852505537e-07,3.8273167623334755e-07,1.481382104105735e-06,2.530551087804414e-06
0.6277899999999992,10.03527,10710,4.242892330009689e-06,-2.0955623811971627e-07,4.0890035463292576e-07,1.5083700116162482e-06,2.535165802678655e-06
0.6324749999999995,10.039955,10715,4.401556123350292e-06,-7.699689698538255e-08,4.235463421587338e-07,1.5159460442587911e-06,2.539054022941178e-06
0.637159999999998,10.04464,10720,4.403882861008931e-06,-3.085086861571051e-08,4.2085402138057237e-07,1.4942900352395166e-06,2.5196151485123845e-06
0.6418449999999982,10.049325,10725,4.25192031853444e-06,-6.459300754681173e-08,4.0225418515069667e-07,1.4467630819564608e-06,2.4675261721964407e-06
0.6465299999999985,10.05401,10730,3.938142753881692e-06,-1.7649130640260197e-07,3.6824063225039886e-07,1.3744213451268431e-06,2.3719692432300633e-06
0.6512149999999988,10.058695,10735,3.4554330690398237e-06,-3.6496753102195023e-07,3.190282332869374e-07,1.277715272509976e-06,2.223654369597063e-06
0.655899999999999,10.06338,10740,2.8248764198462113e-06,-6.152705297516859e-07,2.5764071682241105e-07,1.1618799262646087e-06,2.020625326885964e-06
0.6605849999999993,10.068065,10745,2.082615164601888e-06,-9.064710392046474e-07,1.8819431348689732e-07,1.034067253244192e-06,1.76682720441314e-06
0.6652699999999978,10.07275,10750,1.2779790166570951e-06,-1.2123760264111111e-06,1.1615691630940879e-07,9.034043696136931e-07,1.470795850046834e-06
0.6699549999999981,10.077435,10755,4.581727407502049e-07,-1.5097588708859842e-06,4.6132607609745995e-08,7.773546604290912e-07,1.1444462265524156e-06
0.6746399999999984,10.08212,10760,-3.352103052413152e-07,-1.7794395293491256e-06,-1.809658520018165e-08,6.619939358073535e-07,8.003392306590073e-07
0.6793249999999986,10.086805,10765,-1.040733168355132e-06,-1.9939683478764702e-06,-7.083076868376503e-08,5.665874927794428e-07,4.5748303512005796e-07
0.6840099999999989,10.09149,10770,-1.6243779400841376e-06,-2.1406092806376092e-06,-1.0964540209431193e-07,4.948130665743186e-07,1.3106731862491058e-07
0.6886949999999992,10.096175,10775,-2.060848994787437e-06,-2.2119449978654153e-06,-1.3309412164050858e-07,4.485111905248131e-07,-1.6431972886421072e-07
0.6933799999999994,10.10086,10780,-2.307490845373229e-06,-2.192049201918933e-06,-1.3785016107670533e-07,4.3338185965609843e-07,-4.109756597990156e-07
0.6980649999999979,10.105545,10785,-2.3852959537963836e-06,-2.0965564488874033e-06,-1.2709020092366248e-07,4.432174536570358e-07,-6.048495808095617e-07
0.7027499999999982,10.11023,10790,-2.30896527634685e-06,-1.9373252512455797e-06,-1.033925070119359e-07,4.735544981056536e-07,-7.418057490331913e-07
0.7074349999999985,10.114915,10795,-2.1006716975211177e-06,-1.7288793548357733e-06,-6.959583683111831e-08,5.195657294054901e-07,-8.217602772427404e-07
0.7121199999999988,10.1196,10800,-1.7932679721716914e-06,-1.4898009202046451e-06,-2.942649843531794e-08,5.750310508413428e-07,-8.490737410183476e-07
0.716804999999999,10.124285,10805,-1.443518962661017e-06,-1.2488332129631315e-06,1.1239919036014581e-08,6.30033876138856e-07,-8.359581632025027e-07
0.7214899999999993,10.12897,10810,-1.098693764008985e-06,-1.0284385231830382e-06,4.790604535567646e-08,6.773472646975007e-07,-7.955068525330418e-07
0.7261749999999996,10.133655000000001,10815,-8.086242947244735e-07,-8.509651780178477e-07,7.604594771310035e-08,7.096184328409943e-07,-7.433213635736883e-07
0.7308599999999981,10.13834,10820,-6.226135608081188e-07,-7.370228573469452e-07,9.151342880293943e-08,7.201875162202539e-07,-6.972956897475153e-07
0.7355449999999983,10.143025,10825,-5.737099006301594e-07,-6.983267512940482e-07,9.187443102776751e-08,7.055047518804654e-07,-6.727584357547869e-07
0.7402299999999986,10.14771,10830,-6.702706581950677e-07,-7.339261096782168e-07,7.745911380421435e-08,6.666225608010591e-07,-6.804215518095043e-07
0.7449149999999989,10.152395,10835,-9.182067299676957e-07,-8.416684624003237e-07,4.8720365263186057e-08,6.046513106652689e-07,-7.299106162579644e-07
0.7495999999999992,10.15708,10840,-1.316445643758492e-06,-1.0165218280753357e-06,6.626796415136585e-09,5.213121633612989e-07,-8.27866527870344e-07
0.7542849999999994,10.161765,10845,-1.823088739333254e-06,-1.2342532348164484e-06,-4.3889090136023485e-08,4.2536478659183996e-07,-9.703113951472677e-07
0.7589699999999979,10.16645,10850,-2.379478236766175e-06,-1.4639332976604892e-06,-9.642287568168609e-08,3.277323180225195e-07,-1.1468510337352535e-06
0.7636549999999982,10.171135,10855,-2.9515787844444796e-06,-1.6886754826638125e-06,-1.477075616757536e-07,2.3350615389582744e-07,-1.3487015684038133e-06
0.7683399999999985,10.17582,10860,-3.4451439158139966e-06,-1.8633006638236874e-06,-1.8836312755621974e-07,1.5878029523450034e-07,-1.552260250969031e-06
0.7730249999999987,10.180505,10865,-3.81050040463376e-06,-1.9670532581935308e-06,-2.14285189530501e-07,1.09826752421626e-07,-1.7389889202476549e-06
0.777709999999999,10.18519,10870,-3.9963682241687505e-06,-1.979622710088e-06,-2.2135204936192217e-07,9.306446097000476e-08,-1.8884584222257787e-06
0.7823949999999993,10.189875,10875,-3.958391895156429e-06,-1.8853601434820165e-06,-2.0645568534192266e-07,1.1331522481990648e-07,-1.979896319896939e-06
0.7870799999999996,10.194560000000001,10880,-3.662293927686489e-06,-1.674203625690619e-06,-1.675347758176357e-07,1.7371018941066223e-07,-1.9942676659610423e-06
0.791764999999998,10.199245,10885,-3.095526264540783e-06,-1.3466982234882304e-06,-1.045719637150418e-07,2.738508255413312e-07,-1.9181055080604506e-06
0.7964499999999983,10.20393,10890,-2.3083559642510357e-06,-9.338448053684912e-07,-2.4054155774447327e-08,4.0197061892472086e-07,-1.7524322223376002e-06
0.8011349999999986,10.208615,10895,-1.3506694851698672e-06,-4.6453690667005854e-07,6.805879057440289e-08,5.479668847839913e-07,-1.5021665428071768e-06
0.8058199999999989,10.2133,10900,-2.6470968819841887e-07,3.803716028754385e-08,1.6722909536350908e-07,7.044250470620183e-07,-1.1744097794814067e-06
0.8105049999999991,10.217985,10905,8.278812869893944e-07,5.13961882974662e-07,2.6104591906899194e-07,8.500974216143911e-07,-7.972332092178787e-07
0.8151899999999994,10.22267,10910,1.829938220082991e-06,9.18532591240577e-07,3.4040726645031294e-07,9.7006471254053e-07,-3.990749223040301e-07
0.8198749999999979,10.227355,10915,2.635061325532281e-06,1.205799342495451e-06,3.959866608504943e-07,1.0492687451275546e-06,-1.599972806890363e-08
0.8245599999999982,10.23204,10920,3.1337936631367924e-06,1.3306666935396337e-06,4.185492368448555e-07,1.0725319380919165e-06,3.1204235535268895e-07
0.8292449999999985,10.236725,10925,3.203979595274779e-06,1.2441610530278195e-06,3.978592260755574e-07,1.0229410667715325e-06,5.390240241111618e-07
0.8339299999999987,10.24141,10930,2.819789393096025e-06,9.466352442207287e-07,3.339993674135214e-07,9.022888773799095e-07,6.368671420772091e-07
0.838614999999999,10.246095,10935,1.957358898871105e-06,4.3963145713661775e-07,2.2751512199928677e-07,7.120413148351483e-07,5.781740650224601e-07
0.8432999999999993,10.25078,10940,6.158272637118331e-07,-2.649330586470446e-07,8.068190122059882e-08,4.564983331841242e-07,3.435863489395278e-07
0.8479849999999995,10.255465000000001,10945,-1.2060137173888765e-06,-1.1569987142383744e-06,-1.0482295866859168e-07,1.3837301777895312e-07,-8.255399751749906e-08
0.852669999999998,10.26015,10950,-3.314524518128048e-06,-2.133445236999078e-06,-3.0759222007655735e-07,-2.0457873976651376e-07,-6.688889740420652e-07
0.8573549999999983,10.264835,10955,-5.55577588123162e-06,-3.115821458613099e-06,-5.114467303758073e-07,-5.454344172028305e-07,-1.3830371213949617e-06
0.8620399999999986,10.26952,10960,-7.714625618743122e-06,-4.001714171890415e-06,-6.955083005926074e-07,-8.493575459386966e-07,-2.1680245693874417e-06
0.8667249999999989,10.274205,10965,-9.521965809627819e-06,-4.6679982801799815e-06,-8.34542094874966e-07,-1.0737805990244947e-06,-2.945625066045025e-06
0.8714099999999991,10.27889,10970,-1.0672306653057977e-05,-4.981255562195267e-06,-9.005967999621183e-07,-1.1729824545820981e-06,-3.617458679086673e-06
0.8760949999999994,10.283575,10975,-1.0890758203790356e-05,-4.830867453532252e-06,-8.714339183238309e-07,-1.1106556526518968e-06,-4.077801689392141e-06
0.8807799999999979,10.28826,10980,-9.863827815413893e-06,-4.094140884634372e-06,-7.215543246190762e-07,-8.453368220898943e-07,-4.202791490466665e-06
0.8854649999999982,10.292945,10985,-6.982416056158702e-06,-2.509682796947578e-06,-3.95842692114984e-07,-2.812617443976901e-07,-3.7956469723880278e-06
0.8901499999999984,10.29763,10990,-2.2847109533667023e-06,-1.427330417053052e-07,9.27484886172192e-08,5.51410064054814e-07,-2.7861675733042438e-06
0.8948349999999987,10.302315,10995,4.638240344427779e-06,3.1590855737801415e-06,7.758499970952565e-07,1.708208696086631e-06,-1.004942971647164e-06
0.899519999999999,10.307,11000,1.3796971608571793e-05,7.34404616055278e-06,1.6433510742290205e-06,3.166784097223758e-06,1.6426807686979218e-06
0.9042049999999993,10.311685,11005,2.5896657949303368e-05,1.2707339291552143e-05,2.7674228072886716e-06,5.050580946835894e-06,5.371344901590816e-06
0.9088899999999995,10.316370000000001,11010,4.067295272048793e-05,1.9052294875608604e-05,4.092077016502268e-06,7.271563187250044e-06,1.0257006485558998e-05
0.913574999999998,10.321055,11015,5.7801894354983455e-05,2.6165078052852882e-05,5.587121526744865e-06,9.76660877166705e-06,1.6283090777489258e-05
0.9182599999999983,10.32574,11020,7.766825536999445e-05,3.418392399578492e-05,7.286958343226942e-06,1.259818104060686e-05,2.359919731922876e-05
0.9229449999999986,10.330425,11025,9.999829412974653e-05,4.292389690204708e-05,9.150618770025553e-06,1.5704020865660654e-05,3.2219768762650866e-05
0.9276299999999988,10.33511,11030,0.00012449917557106184,5.220407044741436e-05,1.1147271080533246e-05,1.902739672657048e-05,4.212045031095856e-05
0.9323149999999991,10.339795,11035,0.0001504511975975165,6.165639482455987e-05,1.3201230523429709e-05,2.244063511539428e-05,5.315293783670832e-05
0.9369999999999994,10.34448,11040,0.0001781374988209024,7.141593506595706e-05,1.5340884286425936e-05,2.6005448233810216e-05,6.537523054410838e-05
