assumption,threshold,eligible_pairs,fraction_exceeding
A1,0.05,9447,0.9779824282841113
A1,0.1,9447,0.9026145866412618
A1,0.2,9447,0.803958928760453
A2,0.05,3253,1.0
A2,0.1,3253,0.9963110974485091
A2,0.2,3253,0.8118659698739625
A3,0.05,3253,0.9335997540731632
A3,0.1,3253,0.8545957577620658
A3,0.2,3253,0.4973870273593606
A4,0.05,3253,0.9953888718106363
A4,0.1,3253,0.9910851521672303
A4,0.2,3253,0.9812480786965878
A5,0.05,9447,0.0
A5,0.1,9447,0.0
A5,0.2,9447,0.0
A6,0.05,2878,0.18589298123697012
A6,0.1,2878,0.09867963863794302
A6,0.2,2878,0.03891591382904795
