s_m,A_m2,perimeter_m,diameter_m,hydraulic_diameter_m,curvature_per_m,circularity,branch_excluded,usable,path_difference_m
0.015,0.0005282261859727071,0.08202599715964273,0.025933732252513924,0.025758964438781486,29.010758937479363,0.9865673840874905,False,True,0.0006863030521864828
0.01899996462334491,0.0005413451140499377,0.08289715600818905,0.02625379984987978,0.026121287634835656,41.83722047540155,0.9899307682859351,False,True,0.0009820012604599849
0.022999929246689827,0.0005413692030612408,0.08273691010873402,0.026254383969907428,0.026173044284577014,41.38691740110461,0.9938133239257564,False,True,0.0012923626132676281
0.026999893870034743,0.0005422613041267692,0.08284630640566963,0.026276006850240074,0.026181556071866553,13.705824933111476,0.9928237936422505,False,True,0.0013991898307913592
0.030999858493379655,0.0005490482492017573,0.08333425208098394,0.026439930840516275,0.026354025409297207,9.003311774623056,0.9935123979742242,False,True,0.0011551226245240338
0.03499982311672457,0.0005507220894004002,0.08337819698908042,0.026480202838795687,0.02642043648281458,70.04752344694299,0.9954910534934734,False,True,0.0006639933576145627
0.038999787740069486,0.000544685453090312,0.08290981461092525,0.02633467406892621,0.026278454759373553,30.75648982594098,0.9957349537826735,False,True,0.0004002257066601204
0.0429997523634144,0.0005330963610506945,0.08199574364438666,0.026053010728976377,0.026006050429286626,46.35540664864632,0.9963982683279886,True,False,0.0007518569456715506
0.04699971698675931,0.0005282283273122467,0.0815877166111916,0.025933784817940893,0.02589744384339288,16.944541540875495,0.9971993665771621,True,False,0.00130585772771181
0.05099968161010422,0.0005355222860120092,0.08215281360048171,0.026112222265396414,0.026074446512145705,18.120199720853314,0.9971087540268571,True,False,0.001916505676719703
0.054999646233449134,0.0005448821006818424,0.08314266392995143,0.026339427438850833,0.026214320057914495,24.854195117992365,0.9905229327530383,True,False,0.0023280716510644815
0.05899961085679405,,,,,98.53474004112634,,True,False,0.002404806034267264
0.06299957548013896,0.0005049750911910578,0.08129970450442428,0.025356542650974714,0.02484511323967124,73.28108886743189,0.9600677604813441,True,False,0.0017468876427851794
0.06699954010348388,0.0005293799075415128,0.10029628096708285,0.025962038295752096,0.021112643557152627,13.590450496689916,0.6613139117170171,True,False,0.0010037068467217418
0.0709995047268288,0.0004507640854963817,0.07543897382878204,0.02395684993901275,0.023900859866914197,36.63041364432089,0.9953312188842248,True,False,0.0010850767687031718
0.07499946935017371,0.0004471625596371599,0.07505827171233334,0.023860952492619138,0.023830154861595808,29.525292419409453,0.9974202408233037,True,False,0.0016416768456268868
0.07899943397351862,0.0004731550082392189,0.07726903138481188,0.024544646407713134,0.02449390136044713,190.1501635432812,0.9958693566185836,True,False,0.0021564032617173486
0.08299939859686353,0.0006635335465868446,0.1099994594622401,0.02906608248066364,0.02412861117066191,80.60282459122861,0.6891149098882343,True,False,0.002399325756026849
0.08699936322020844,0.0005099466232069653,0.0934619251079131,0.025481055833133565,0.021824785766745985,27.060001481411938,0.7336098261598417,True,False,0.0022612152199111466
0.09099932784355336,0.00040240005836719977,0.07144358786092256,0.02263518648292645,0.022529666855507977,40.90737323609677,0.9906982277943976,True,False,0.002402712729653137
0.09499929246689827,0.0003929565087583747,0.07043713955498233,0.02236800765182791,0.02231530191265861,27.375595628888792,0.9952929519053372,True,False,0.002530030203455035
0.0989992570902432,0.00039380310603853567,0.07047984976707189,0.022392089841008544,0.0223498266435023,50.121108675028985,0.9962287295486856,True,False,0.0026024579483555402
0.10299922171358811,0.00039972767316024153,0.07101563930276705,0.02255989983560636,0.022514909509216603,41.32923603053983,0.9960154552553302,False,True,0.0025643534286575007
0.10699918633693302,0.0004023870339244551,0.07121797517560237,0.022634820164545284,0.02260030746070992,20.585939503987223,0.9969528017662621,False,True,0.002322680890379966
0.11099915096027793,0.00040010795896447404,0.07101618088421752,0.022570628602607463,0.022536157477507673,46.180255083899134,0.9969478207636917,False,True,0.001982593753051756
0.11499911558362284,0.00039117343923067763,0.07022811560217335,0.022317201699105463,0.022280161492390777,29.34547792998779,0.996683323553721,False,True,0.0015723648559226922
0.11899908020696776,0.00038232820019835445,0.06946924227110143,0.02206343997566941,0.022014243293820953,36.19395830350435,0.9955454060706821,False,True,0.0012499878105742077
0.12299904483031267,0.0003743348308079048,0.06878020912961058,0.021831580555616466,0.02176991524422393,65.1367935646818,0.9943587939903893,False,True,0.0010064926314874109
0.1269990094536576,0.00036360285083548776,0.06776282526106665,0.021516354901845797,0.021463263931788684,63.616167109050004,0.9950711474969678,False,True,0.0009536845947886228
0.1309989740770025,0.00035299739404348916,0.06673864705244903,0.021200241538355903,0.021157000306947973,44.07111193821927,0.9959248452260273,False,True,0.0009557563290070002
0.1349989387003474,0.00034413558923914405,0.06589641480437645,0.020932439919178432,0.02088948785822494,16.857196680371278,0.9959003352075255,False,True,0.0009380367296114546
0.13899890332369233,0.00033816238239483203,0.06533338533462864,0.020749981151966232,0.0207038028513484,80.43067627857042,0.9955540280979879,False,True,0.0009285752290126706
0.14299886794703726,0.00033220835893680906,0.06477928273018953,0.020566497506622716,0.020513247133067607,24.449716796676615,0.9948283429276638,False,True,0.0006293258954096768
0.14699883257038215,0.00032757684902224796,0.06436486874163659,0.020422629559262592,0.02035749348528346,19.664296370475842,0.9936313586777684,False,True,0.0006038195689082791
0.15099879719372705,0.0003243156768451592,0.06407788953225552,0.02032071713145987,0.020245091042326246,41.61802770886515,0.9925706004691802,False,True,0.0009064966015820227
0.154998761817072,0.00032062615016443337,0.06371392884462053,0.02020479877320116,0.020129108719466722,13.001402439379495,0.9925217487467207,False,True,0.001111144892051347
0.1589987264404169,0.0003139742799509306,0.06301995909500863,0.019994110864533923,0.01992856132944068,10.392353664766446,0.9934538639543988,False,True,0.001080042755520515
0.1629986910637618,0.0003071033110955369,0.06229519720741136,0.01977412652953203,0.01971922875999823,15.299175001437188,0.9944552226170132,False,True,0.0010575201299821953
0.1669986556871067,0.0003017293810119597,0.061708513072225746,0.019600351520135808,0.019558363408225726,9.292208377190903,0.995720164697612,False,True,0.0009967339121604287
0.17099862031045165,0.00029895999977973237,0.06140915504583333,0.01951019461752165,0.019473317915323904,4.766835964918863,0.9962233230230875,False,True,0.0009957534042375617
0.17499858493379655,0.0002983590710093092,0.06140984284689276,0.019490576382947194,0.01943395763139659,23.71834450829851,0.9941985794881418,False,True,0.0010265499480091452
0.17899854955714145,0.00029793733294554707,0.06148331602043973,0.019476796301219484,0.01938329629758419,24.067672273033434,0.9904218768974787,False,True,0.0010911303626884067
0.1829985141804864,0.00029685915174379446,0.0614390099013256,0.019441522862593236,0.019327079145355138,16.887192565974107,0.9882615288871405,False,True,0.0009348961615433884
0.1869984788038313,0.0002928898091107928,0.060977797398742664,0.01931110787111383,0.019212882170573913,15.442374245403661,0.9898528982059608,False,True,0.0010552978623711326
0.1909984434271762,0.00028815707205505196,0.06040635023899024,0.019154450637791517,0.019081243671567258,16.87856349203633,0.9923707474923663,False,True,0.0010946198327157473
0.1949984080505211,0.00028364058091936707,0.05990073266656053,0.019003747107299445,0.018940708621930355,9.728196674398697,0.9933766819125947,False,True,0.0009115033609461317
0.19899837267386605,0.0002798542683892025,0.05949796457197948,0.0188764806379807,0.018814375947307595,14.218300277498363,0.9934307111704874,False,True,0.0006895580121401364
0.20299833729721095,0.00027790241474214,0.05925950099159234,0.01881053811104522,0.01875833647546701,9.634711551811897,0.9944574469713079,False,True,0.0004938647074772143
0.20699830192055585,0.0002772839990509844,0.05915773666543546,0.018789596927928514,0.018748790246601522,22.439176720173794,0.9956611767541451,False,True,0.0005695819544353467
0.2109982665439008,0.0002780867987657022,0.0592677667381024,0.018816777329216113,0.018768164489445776,4.835340984456651,0.994839706749097,False,True,0.00028925991679850163
0.2149982311672457,0.00027952438822614856,0.059493009264202736,0.018865351966168994,0.018793763615809558,41.24988877279648,0.9924249998269385,False,True,0.0006563933510960769
0.2189981957905906,0.0002818874234779674,0.059801121582589684,0.018944925830830146,0.018854992416064333,15.895858004434857,0.9905283394391116,False,True,0.00044370468929553906
0.2229981604139355,0.0002818664689236065,0.05979000913458567,0.018944221666999165,0.018857094889491176,11.407210724209424,0.9908229088829965,False,True,0.0006364362073396794
0.22699812503728045,0.0002838019723281266,0.06001385765385123,0.01900915290174723,0.0189157626870143,14.725677348813898,0.9901983211498915,False,True,0.00037205895341131754
0.23099808966062535,0.00028483598166054977,0.06014502698954174,0.01904375056583318,0.01894327733596849,2.2787861543120114,0.9894760031272549,False,True,0.0004457102201930488
0.23499805428397025,0.00028304119047976194,0.05994768201134983,0.018983657089922126,0.018885880553391476,6.470745792882489,0.9897254007565426,False,True,0.0006121337372475483
0.2389980189073152,0.0002809009470396066,0.059684471729981384,0.018911747511120826,0.01882573063964986,25.203296363955307,0.9909240269990529,False,True,0.0009015606418089279
0.2429979835306601,0.0002781413169160689,0.059327754856120796,0.018818621727487224,0.018752863147483374,16.13886042611881,0.9930235391644935,False,True,0.0011105113856951301
0.246997948154005,0.00027536120189287103,0.058963624249256524,0.018724336338994937,0.01868007303817272,4.504574212310865,0.9952776982833472,False,True,0.0012434750507911347
0.2509979127773499,0.00027296435038236873,0.0586637429356765,0.018642666258069863,0.018612133268187003,21.219077918538705,0.9967270790594364,False,True,0.0014487132273056094
0.25499787740069485,0.00027099433303054155,0.05843078797067464,0.018575271228534345,0.018551475510927472,7.694846113342817,0.9974395554554386,False,True,0.0015201779977807638
0.25899784202403975,0.0002697446528762203,0.05828869505150956,0.018532392155975526,0.018510941282034035,22.538162632029405,0.9976863796878581,False,True,0.001764635148563602
