s_m,Wo,peak_inferred_Re,peak_inferred_De,max_wall_probe_distance_m,eligible
0.015,17.285347017673143,6530.644625946404,4005.466560349325,0.0004753233229461223,True
0.01899996462334491,17.498678420793702,6451.02766586333,4780.699030103232,0.0004859333457705236,True
0.022999929246689827,17.499067748379858,6450.884140330115,4754.848681400182,0.0010100063462760518,True
0.026999893870034743,17.51347982707459,6445.575620789794,2735.1363634657623,0.0005689842890601206,True
0.030999858493379655,17.622738418505108,6405.613924907903,2209.9226033429404,0.0005280522658184476,True
0.03499982311672457,17.64958050427112,6395.872048135551,6159.448317065397,0.000560574933759882,True
0.038999787740069486,17.552582692164645,6431.216453347158,4092.7054250466977,0.0004993464431345306,True
0.0429997523634144,17.36484848847255,6500.745381309997,5051.580929400107,0.0005354404101475967,False
0.04699971698675931,17.285382053573006,6530.631388922748,3061.174144508104,0.0004994595823438839,False
0.05099968161010422,17.40431415213038,6486.0044252170765,3154.7550903413885,0.0005133492956054296,False
0.054999646233449134,17.55575090751639,6430.055837728651,3678.7710761751423,0.00040343010033037463,False
0.05899961085679405,,,,,False
0.06299957548013896,16.90063869800463,4832.728063984513,4658.202198425519,0.000551504683601982,False
0.06699954010348388,17.30421355702448,4720.017507062839,1982.5079212096136,0.0004509601397319475,False
0.0709995047268288,15.967715738486326,4664.199347961787,3089.568821773418,0.0004433998048251365,False
0.07499946935017371,15.903798188058866,4682.944819546738,2779.361481108983,0.000526577370837177,False
0.07899943397351862,16.35949374553597,4552.5008593991215,6954.43384596109,0.0006165616944232198,False
0.08299939859686353,19.373120584056245,3844.326938076257,4160.769894436308,0.0005268425935089091,False
0.08699936322020844,16.983629203996372,3701.719721794906,2173.507547823925,0.000433928980161565,False
0.09099932784355336,15.08680082594749,4167.128332731665,2835.402465161903,0.00042370964409065216,False
0.09499929246689827,14.908720834747347,4216.903372793665,2333.3188613406883,0.0005766848023540604,False
0.0989992570902432,14.924772091576845,4212.368188025243,3155.505743000368,0.0005666672983033491,False
0.10299922171358811,15.03662078197797,4181.034827149197,2854.736708456616,0.0007265810004047297,True
0.10699918633693302,15.086556667479448,4167.195772883338,2011.4200565584551,0.0005919335045731088,True
0.11099915096027793,15.043771718020654,4179.047405829491,3016.909557481428,0.0005066869325553994,True
0.11499911558362284,14.87485765937328,4226.503312619538,2418.558957017826,0.0005310545562439552,True
0.11899908020696776,14.705720436597728,4275.1142620409,2701.3905887202955,0.0005976663309596743,True
0.12299904483031267,14.551181533523216,4320.517548849737,3643.1458071664424,0.0005862857995525164,True
0.1269990094536576,14.34107738186295,4383.81535069288,3626.647575157136,0.0006012064621265328,True
0.1309989740770025,14.130381554064506,4449.181710454348,3040.972928642021,0.0005496495494349906,True
0.1349989387003474,13.951886462254933,4506.102837216204,1892.7301694861499,0.0005953444165821235,True
0.13899890332369233,13.830274074305104,4545.725907839182,4152.483938363908,0.0005882602441062276,True
0.14299886794703726,13.707978584749299,4586.280521478877,2299.6550811289208,0.0005283554759618913,True
0.14699883257038215,13.612087743792575,4618.588739317731,2069.613887865596,0.0005783408294937749,True
0.15099879719372705,13.544161088931208,4641.75187811845,3018.40274181346,0.000649060374754724,True
0.154998761817072,13.46689920357236,4668.382396105566,1691.8964936120221,0.0006038367496203977,True
0.1589987264404169,13.326471532835228,4717.575467533369,1520.5890733336587,0.0006757629980882933,True
0.1629986910637618,13.17984760952426,4770.05782120379,1855.2024373555917,0.0005059103437470021,True
0.1669986556871067,13.064023118426496,4812.348738376815,1452.2236141765327,0.0006456539427751179,True
0.17099862031045165,13.003931754308505,4834.586674238385,1042.5340716059804,0.0005849423769285292,True
0.17499858493379655,12.990855811779612,4839.452926194315,2326.675408362637,0.0006088474562267965,True
0.17899854955714145,12.981671113939898,4842.8769008464615,2344.5755831765405,0.0007502372662659599,True
0.1829985141804864,12.958160667343758,4851.663502716275,1965.7104301202512,0.0007109791179789575,True
0.1869984788038313,12.871236488360232,4884.428565114074,1886.0769006568728,0.0006445043020006534,True
0.1909984434271762,12.766821334596845,4924.37651662888,1979.8798922102494,0.000594662651922708,True
0.1949984080505211,12.666374441878908,4963.4278112150505,1509.0460894734704,0.0005433334524632632,True
0.19899837267386605,12.5815488153756,4996.891566740582,1830.498097637433,0.0005716626558718445,True
0.20299833729721095,12.537596813010357,5014.408750714174,1509.4707546357977,0.0005639624144046688,True
0.20699830192055585,12.523639099033502,5019.997356593986,2304.892538254807,0.0006611931736843433,True
0.2109982665439008,12.541755375694384,5012.746086080037,1069.1702955336084,0.0006077856231643446,True
0.2149982311672457,12.574131334843367,4999.839233257733,3118.7810679898766,0.0005843300317851874,True
0.2189981957905906,12.62716889422019,4978.838542411674,1931.974932106081,0.0008606056041667049,True
0.2229981604139355,12.626699555057694,4979.02360770934,1636.6556088173375,0.000633054845030404,True
0.22699812503728045,12.669977511118088,4962.016319043751,1856.360046121196,0.0006085000605984402,True
0.23099808966062535,12.693037540577155,4953.001594071283,729.5944105539687,0.0007813479131784563,True
0.23499805428397025,12.652984046752715,4968.680505704107,1231.3830847905297,0.0006299502877790209,True
0.2389980189073152,12.605054885944991,4987.573298247647,2434.830857203729,0.0005753044406213467,True
0.2429979835306601,12.54298470373111,5012.254790790266,1953.2079394129908,0.0006054792693644084,True
0.246997948154005,12.480141621874763,5037.493730190633,1034.4978936198354,0.0006497672222127893,True
0.2509979127773499,12.425706892773459,5059.562060702431,2250.1693031727295,0.00062772969082244,True
0.25499787740069485,12.380786768610658,5077.919226545265,1357.4953228421207,0.000611537141244025,True
0.25899784202403975,12.352207016118484,5089.668193712067,2325.9451432673286,0.0005482410416800255,True
