time_s,s_m,A,Q,P,alpha,secondary_ratio,pressure_range,friction,measured_residual,model_residual
0.0,0.03,0.00031393502030468675,8.784602218286474e-05,9995.967491056834,1.2195327296481426,0.0,0.0,3.9568713130036696e-05,,
0.0,0.05,0.00031393502030468675,8.784602218286474e-05,9993.279151583345,1.2195327296481426,0.0,0.0,3.9568713130036696e-05,,
0.0,0.07,0.00031393502030468675,8.784602218286474e-05,9990.590812210008,1.2195327296481426,0.0,0.0,3.9568713130036696e-05,,
0.0,0.09,0.00031393502030468675,8.784602218286474e-05,9987.902472903435,1.2195327296481426,0.0,0.0,3.9568713130036696e-05,,
0.0,0.11,0.00031393502030468675,8.784602218286474e-05,9985.214133429949,1.2195327296481426,0.0,0.0,3.9568713130036696e-05,,
0.0,0.13,0.00031393502030468675,8.784602218286474e-05,9982.525794223526,1.2195327296481426,0.0,0.0,3.9568713130036696e-05,,
0.0,0.15,0.00031393502030468675,8.784602218286474e-05,9979.837454750039,1.2195327296481426,0.0,0.0,3.9568713130036696e-05,,
0.0,0.17,0.00031393502030468675,8.784602218286474e-05,9977.1491153767,1.2195327296481426,0.0,0.0,3.9568713130036696e-05,,
0.023425,0.03,0.00031393502030468675,8.753791966371402e-05,9998.935904686312,1.2261790044729506,0.0,0.0,3.6815544706191054e-05,,
0.023425,0.05,0.00031393502030468675,8.753791966371402e-05,9998.226507763538,1.2261790044729506,0.0,0.0,3.6815544706191054e-05,1.4858679307300026e-07,-1.0221539542201992e-05
0.023425,0.07,0.00031393502030468675,8.753791966371402e-05,9997.517110867193,1.2261790044729506,0.0,0.0,3.6815544706191054e-05,1.4858711918464907e-07,-1.0221539216090235e-05
0.023425,0.09,0.00031393502030468675,8.753791966371402e-05,9996.807713988464,1.2261790044729506,0.0,0.0,3.6815544706191054e-05,1.4858692352110212e-07,-1.0221539411753998e-05
0.023425,0.11,0.00031393502030468675,8.753791966371402e-05,9996.098317065693,1.2261790044729506,0.0,0.0,3.6815544706191054e-05,1.4858711919326847e-07,-1.0221539216081724e-05
0.023425,0.13,0.00031393502030468675,8.753791966371402e-05,9995.388920213392,1.2261790044729506,0.0,0.0,3.6815544706191054e-05,1.4858711918464907e-07,-1.0221539216090235e-05
0.023425,0.15,0.00031393502030468675,8.753791966371402e-05,9994.679523290619,1.2261790044729506,0.0,0.0,3.6815544706191054e-05,1.4858679307289184e-07,-1.0221539542201992e-05
0.023425,0.17,0.00031393502030468675,8.753791966371402e-05,9993.970126394275,1.2261790044729506,0.0,0.0,3.6815544706191054e-05,,
0.04685,0.03,0.00031393502030468675,8.662033121315997e-05,10001.883243103082,1.2347290851066088,0.0,0.0,3.362034972306801e-05,,
0.04685,0.05,0.00031393502030468675,8.662033121315997e-05,10003.138738588286,1.2347290851066088,0.0,0.0,3.362034972306801e-05,5.136748508699357e-07,-6.93846220322744e-06
0.04685,0.07,0.00031393502030468675,8.662033121315997e-05,10004.394234026722,1.2347290851066088,0.0,0.0,3.362034972306801e-05,5.136742736712194e-07,-6.9384627804261565e-06
0.04685,0.09,0.00031393502030468675,8.662033121315997e-05,10005.64972943397,1.2347290851066088,0.0,0.0,3.362034972306801e-05,5.136746199609955e-07,-6.93846243413638e-06
0.04685,0.11,0.00031393502030468675,8.662033121315997e-05,10006.905224919175,1.2347290851066088,0.0,0.0,3.362034972306801e-05,5.136742736883498e-07,-6.938462780409026e-06
0.04685,0.13,0.00031393502030468675,8.662033121315997e-05,10008.160720279655,1.2347290851066088,0.0,0.0,3.362034972306801e-05,5.136742736884582e-07,-6.938462780408918e-06
0.04685,0.15,0.00031393502030468675,8.662033121315997e-05,10009.41621576486,1.2347290851066088,0.0,0.0,3.362034972306801e-05,5.136748508613231e-07,-6.938462203236161e-06
0.04685,0.17,0.00031393502030468675,8.662033121315997e-05,10010.671711203293,1.2347290851066088,0.0,0.0,3.362034972306801e-05,,
0.070275,0.03,0.00031393502030468675,8.511585090415669e-05,10004.73693305367,1.2453224401647007,0.0,0.0,3.006180448539622e-05,,
0.070275,0.05,0.00031393502030468675,8.511585090415669e-05,10007.894888631921,1.2453224401647007,0.0,0.0,3.006180448539622e-05,8.638845016895948e-07,-3.484214474093229e-06
0.070275,0.07,0.00031393502030468675,8.511585090415669e-05,10011.052844092535,1.2453224401647007,0.0,0.0,3.006180448539622e-05,8.638830499695572e-07,-3.4842159258132665e-06
0.070275,0.09,0.00031393502030468675,8.511585090415669e-05,10014.210799474718,1.2453224401647007,0.0,0.0,3.006180448539622e-05,8.638839209998627e-07,-3.484215054782961e-06
0.070275,0.11,0.00031393502030468675,8.511585090415669e-05,10017.368755052974,1.2453224401647007,0.0,0.0,3.006180448539622e-05,8.638830499781766e-07,-3.484215925804647e-06
0.070275,0.13,0.00031393502030468675,8.511585090415669e-05,10020.526710317516,1.2453224401647007,0.0,0.0,3.006180448539622e-05,8.63883049943699e-07,-3.4842159258391247e-06
0.070275,0.15,0.00031393502030468675,8.511585090415669e-05,10023.684665895767,1.2453224401647007,0.0,0.0,3.006180448539622e-05,8.638845016894864e-07,-3.484214474093229e-06
0.070275,0.17,0.00031393502030468675,8.511585090415669e-05,10026.842621356382,1.2453224401647007,0.0,0.0,3.006180448539622e-05,,
0.0937,0.03,0.00031393502030468675,8.306152403499576e-05,10007.426707220628,1.2581581524991206,0.0,0.0,2.6227532187061714e-05,,
0.0937,0.05,0.00031393502030468675,8.306152403499576e-05,10012.377845695617,1.2581581524991206,0.0,0.0,2.6227532187061714e-05,1.19059242175063e-06,5.614860221942822e-08
0.0937,0.07,0.00031393502030468675,8.306152403499576e-05,10017.328983986159,1.2581581524991206,0.0,0.0,2.6227532187061714e-05,1.1905901456664695e-06,5.6146326135376085e-08
0.0937,0.09,0.00031393502030468675,8.306152403499576e-05,10022.280122153741,1.2581581524991206,0.0,0.0,2.6227532187061714e-05,1.1905915113203973e-06,5.614769178908708e-08
0.0937,0.11,0.00031393502030468675,8.306152403499576e-05,10027.231260628729,1.2581581524991206,0.0,0.0,2.6227532187061714e-05,1.1905901456664695e-06,5.6146326135267664e-08
0.0937,0.13,0.00031393502030468675,8.306152403499576e-05,10032.182398611865,1.2581581524991206,0.0,0.0,2.6227532187061714e-05,1.1905901456492307e-06,5.614632611813727e-08
0.0937,0.15,0.00031393502030468675,8.306152403499576e-05,10037.133537086851,1.2581581524991206,0.0,0.0,2.6227532187061714e-05,1.1905924217333777e-06,5.614860220217585e-08
0.0937,0.17,0.00031393502030468675,8.306152403499576e-05,10042.084675377395,1.2581581524991206,0.0,0.0,2.6227532187061714e-05,,
0.117125,0.03,0.00031393502030468675,8.050793495111586e-05,10009.88633443713,1.2734958399812653,0.0,0.0,2.2211945337269668e-05,,
0.117125,0.05,0.00031393502030468675,8.050793495111586e-05,10016.47722449838,1.2734958399812653,0.0,0.0,2.2211945337269668e-05,1.4857539777098056e-06,3.5954515369103996e-06
0.117125,0.07,0.00031393502030468675,8.050793495111586e-05,10023.068114314101,1.2734958399812653,0.0,0.0,2.2211945337269668e-05,1.485750947838435e-06,3.5954485070389205e-06
0.117125,0.09,0.00031393502030468675,8.050793495111586e-05,10029.659003966137,1.2734958399812653,0.0,0.0,2.2211945337269668e-05,1.4857527657162874e-06,3.5954503249169898e-06
0.117125,0.11,0.00031393502030468675,8.050793495111586e-05,10036.249894027382,1.2734958399812653,0.0,0.0,2.2211945337269668e-05,1.4857509477779772e-06,3.595448506978571e-06
0.117125,0.13,0.00031393502030468675,8.050793495111586e-05,10042.840783433887,1.2734958399812653,0.0,0.0,2.2211945337269668e-05,1.485750947838435e-06,3.5954485070389205e-06
0.117125,0.15,0.00031393502030468675,8.050793495111586e-05,10049.431673495139,1.2734958399812653,0.0,0.0,2.2211945337269668e-05,1.4857539777098056e-06,3.5954515369103996e-06
0.117125,0.17,0.00031393502030468675,8.050793495111586e-05,10056.02256331086,1.2734958399812653,0.0,0.0,2.2211945337269668e-05,,
0.14055,0.03,0.00031393502030468675,7.751796149063842e-05,10012.055250518062,1.2916551539099028,0.0,0.0,1.8113921011230654e-05,,
0.14055,0.05,0.00031393502030468675,7.751796149063842e-05,10020.092084729029,1.2916551539099028,0.0,0.0,1.8113921011230654e-05,1.7421013124879108e-06,7.046544945468138e-06
0.14055,0.07,0.00031393502030468675,7.751796149063842e-05,10028.1289186406,1.2916551539099028,0.0,0.0,1.8113921011230654e-05,1.7420976178775515e-06,7.046541250857887e-06
0.14055,0.09,0.00031393502030468675,7.751796149063842e-05,10036.165752352572,1.2916551539099028,0.0,0.0,1.8113921011230654e-05,1.7420998346506761e-06,7.046543467630795e-06
0.14055,0.11,0.00031393502030468675,7.751796149063842e-05,10044.20258656354,1.2916551539099028,0.0,0.0,1.8113921011230654e-05,1.742097617868932e-06,7.0465412508491596e-06
0.14055,0.13,0.00031393502030468675,7.751796149063842e-05,10052.239419976115,1.2916551539099028,0.0,0.0,1.8113921011230654e-05,1.7420976178603127e-06,7.0465412508406486e-06
0.14055,0.15,0.00031393502030468675,7.751796149063842e-05,10060.276254187082,1.2916551539099028,0.0,0.0,1.8113921011230654e-05,1.7421013124964218e-06,7.046544945476649e-06
0.14055,0.17,0.00031393502030468675,7.751796149063842e-05,10068.313088098654,1.2916551539099028,0.0,0.0,1.8113921011230654e-05,,
0.163975,0.03,0.00031393502030468675,7.416522672331339e-05,10013.880049551295,1.3130109741004212,0.0,0.0,1.4034366168414737e-05,,
0.163975,0.05,0.00031393502030468675,7.416522672331339e-05,10023.133416531651,1.3130109741004212,0.0,0.0,1.4034366168414737e-05,1.953322303936774e-06,1.0324451454653684e-05
0.163975,0.07,0.00031393502030468675,7.416522672331339e-05,10032.38678316729,1.3130109741004212,0.0,0.0,1.4034366168414737e-05,1.9533180500821813e-06,1.0324447200799092e-05
0.163975,0.09,0.00031393502030468675,7.416522672331339e-05,10041.640149573122,1.3130109741004212,0.0,0.0,1.4034366168414737e-05,1.9533206024051447e-06,1.0324449753122055e-05
0.163975,0.11,0.00031393502030468675,7.416522672331339e-05,10050.893516553479,1.3130109741004212,0.0,0.0,1.4034366168414737e-05,1.9533180500734535e-06,1.0324447200790364e-05
0.163975,0.13,0.00031393502030468675,7.416522672331339e-05,10060.146882614592,1.3130109741004212,0.0,0.0,1.4034366168414737e-05,1.9533180500908007e-06,1.0324447200807711e-05
0.163975,0.15,0.00031393502030468675,7.416522672331339e-05,10069.40024959495,1.3130109741004212,0.0,0.0,1.4034366168414737e-05,1.9533223039453935e-06,1.0324451454662304e-05
0.163975,0.17,0.00031393502030468675,7.416522672331339e-05,10078.65361623059,1.3130109741004212,0.0,0.0,1.4034366168414737e-05,,
0.1874,0.03,0.00031393502030468675,7.053228610620105e-05,10015.315798928468,1.3379796204610406,0.0,0.0,1.0073732988318326e-05,,
0.1874,0.05,0.00031393502030468675,7.053228610620105e-05,10025.526332223664,1.3379796204610406,0.0,0.0,1.0073732988318326e-05,2.1142159902665526e-06,1.3348458127484799e-05
0.1874,0.07,0.00031393502030468675,7.053228610620105e-05,10035.736865138488,1.3379796204610406,0.0,0.0,1.0073732988318326e-05,2.114211296384388e-06,1.3348453433602634e-05
0.1874,0.09,0.00031393502030468675,7.053228610620105e-05,10045.94739779973,1.3379796204610406,0.0,0.0,1.0073732988318326e-05,2.114214112706786e-06,1.3348456249925032e-05
0.1874,0.11,0.00031393502030468675,7.053228610620105e-05,10056.157931094926,1.3379796204610406,0.0,0.0,1.0073732988318326e-05,2.114211296401627e-06,1.3348453433619873e-05
0.1874,0.13,0.00031393502030468675,7.053228610620105e-05,10066.368463375797,1.3379796204610406,0.0,0.0,1.0073732988318326e-05,2.1142112964102463e-06,1.3348453433628493e-05
0.1874,0.15,0.00031393502030468675,7.053228610620105e-05,10076.578996670993,1.3379796204610406,0.0,0.0,1.0073732988318326e-05,2.114215990257933e-06,1.334845812747618e-05
0.1874,0.17,0.00031393502030468675,7.053228610620105e-05,10086.789529585816,1.3379796204610406,0.0,0.0,1.0073732988318326e-05,,
0.210825,0.03,0.00031393502030468675,6.670859469433337e-05,10016.327145734938,1.3669887556620712,0.0,0.0,6.329545404423309e-06,,
0.210825,0.05,0.00031393502030468675,6.670859469433337e-05,10027.2119102791,1.3669887556620712,0.0,0.0,6.329545404423309e-06,2.220820634925275e-06,1.6044103883554622e-05
0.210825,0.07,0.00031393502030468675,6.670859469433337e-05,10038.096674417775,1.3669887556620712,0.0,0.0,6.329545404423309e-06,2.2208156311017206e-06,1.6044098879731067e-05
0.210825,0.09,0.00031393502030468675,6.670859469433337e-05,10048.98143828612,1.3669887556620712,0.0,0.0,6.329545404423309e-06,2.220818633364818e-06,1.6044101881994165e-05
0.210825,0.11,0.00031393502030468675,6.670859469433337e-05,10059.86620283028,1.3669887556620712,0.0,0.0,6.329545404423309e-06,2.2208156310758624e-06,1.604409887970521e-05
0.210825,0.13,0.00031393502030468675,6.670859469433337e-05,10070.750966293137,1.3669887556620712,0.0,0.0,6.329545404423309e-06,2.2208156311017206e-06,1.6044098879731067e-05
0.210825,0.15,0.00031393502030468675,6.670859469433337e-05,10081.6357308373,1.3669887556620712,0.0,0.0,6.329545404423309e-06,2.220820634942487e-06,1.604410388357178e-05
0.210825,0.17,0.00031393502030468675,6.670859469433337e-05,10092.520494975975,1.3669887556620712,0.0,0.0,6.329545404423309e-06,,
0.23425,0.03,0.00031393502030468675,6.27883044603748e-05,10016.889187255862,1.4004201966049261,0.0,0.0,2.893997741291351e-06,,
0.23425,0.05,0.00031393502030468675,6.27883044603748e-05,10028.148646172122,1.4004201966049261,0.0,0.0,2.893997741291351e-06,2.2705112777294295e-06,1.834501297798189e-05
0.23425,0.07,0.00031393502030468675,6.27883044603748e-05,10039.408104668932,1.4004201966049261,0.0,0.0,2.893997741291351e-06,2.270506101678896e-06,1.8345007801931357e-05
0.23425,0.09,0.00031393502030468675,6.27883044603748e-05,10050.667562886116,1.4004201966049261,0.0,0.0,2.893997741291351e-06,2.2705092073247365e-06,1.8345010907577197e-05
0.23425,0.11,0.00031393502030468675,6.27883044603748e-05,10061.927021802374,1.4004201966049261,0.0,0.0,2.893997741291351e-06,2.270506101653011e-06,1.8345007801905472e-05
0.23425,0.13,0.00031393502030468675,6.27883044603748e-05,10073.186479600106,1.4004201966049261,0.0,0.0,2.893997741291351e-06,2.2705061016874885e-06,1.834500780193995e-05
0.23425,0.15,0.00031393502030468675,6.27883044603748e-05,10084.445938516368,1.4004201966049261,0.0,0.0,2.893997741291351e-06,2.270511277738049e-06,1.8345012977990456e-05
0.23425,0.17,0.00031393502030468675,6.27883044603748e-05,10095.705397013178,1.4004201966049261,0.0,0.0,2.893997741291351e-06,,
0.257675,0.03,0.00031393502030468675,5.886794596058269e-05,10016.988084163686,1.4385112732463934,0.0,0.0,-1.4831541568225008e-07,,
0.257675,0.05,0.00031393502030468675,5.886794596058269e-05,10028.313474356195,1.4385112732463934,0.0,0.0,-1.4831541568225008e-07,2.2620643702025646e-06,2.019452939264549e-05
0.257675,0.07,0.00031393502030468675,5.886794596058269e-05,10039.638864126799,1.4385112732463934,0.0,0.0,-1.4831541568225008e-07,2.262059163828523e-06,2.0194524186271395e-05
0.257675,0.09,0.00031393502030468675,5.886794596058269e-05,10050.964253616135,1.4385112732463934,0.0,0.0,-1.4831541568225008e-07,2.262062287678714e-06,2.0194527310121695e-05
0.257675,0.11,0.00031393502030468675,5.886794596058269e-05,10062.289643808646,1.4385112732463934,0.0,0.0,-1.4831541568225008e-07,2.2620591638284686e-06,2.0194524186271395e-05
0.257675,0.13,0.00031393502030468675,5.886794596058269e-05,10073.615032876076,1.4385112732463934,0.0,0.0,-1.4831541568225008e-07,2.2620591638026646e-06,2.0194524186245537e-05
0.257675,0.15,0.00031393502030468675,5.886794596058269e-05,10084.940423068583,1.4385112732463934,0.0,0.0,-1.4831541568225008e-07,2.2620643702025104e-06,2.019452939264549e-05
0.257675,0.17,0.00031393502030468675,5.886794596058269e-05,10096.265812839189,1.4385112732463934,0.0,0.0,-1.4831541568225008e-07,,
0.2811,0.03,0.00031393502030468675,5.504405143214588e-05,10016.62140128832,1.481198864763591,0.0,0.0,-2.7224822197143187e-06,,
0.2811,0.05,0.00031393502030468675,5.504405143214588e-05,10027.702336214392,1.481198864763591,0.0,0.0,-2.7224822197143187e-06,2.195687903204847e-06,2.1547111895186536e-05
0.2811,0.07,0.00031393502030468675,5.504405143214588e-05,10038.783270727668,1.481198864763591,0.0,0.0,-2.7224822197143187e-06,2.195682809212291e-06,2.154710680119398e-05
0.2811,0.09,0.00031393502030468675,5.504405143214588e-05,10049.864204965748,1.481198864763591,0.0,0.0,-2.7224822197143187e-06,2.195685865623345e-06,2.1547109857605034e-05
0.2811,0.11,0.00031393502030468675,5.504405143214588e-05,10060.945139891823,1.481198864763591,0.0,0.0,-2.7224822197143187e-06,2.1956828092036714e-06,2.154710680118536e-05
0.2811,0.13,0.00031393502030468675,5.504405143214588e-05,10072.026073717103,1.481198864763591,0.0,0.0,-2.7224822197143187e-06,2.1956828091864597e-06,2.1547106801168148e-05
0.2811,0.15,0.00031393502030468675,5.504405143214588e-05,10083.107008643176,1.481198864763591,0.0,0.0,-2.7224822197143187e-06,2.195687903187554e-06,2.1547111895169243e-05
0.2811,0.17,0.00031393502030468675,5.504405143214588e-05,10094.187943156452,1.481198864763591,0.0,0.0,-2.7224822197143187e-06,,
0.30452500000000005,0.03,0.00031393502030468675,5.14107778491328e-05,10015.798167579103,1.5278957276804224,0.0,0.0,-4.765118140919764e-06,,
0.30452500000000005,0.05,0.00031393502030468675,5.14107778491328e-05,10026.330279996017,1.5278957276804224,0.0,0.0,-4.765118140919764e-06,2.0730162856454975e-06,2.2369455415429362e-05
0.30452500000000005,0.07,0.00031393502030468675,5.14107778491328e-05,10036.862392020583,1.5278957276804224,0.0,0.0,-4.765118140919764e-06,2.073011443964134e-06,2.2369450573747945e-05
0.30452500000000005,0.09,0.00031393502030468675,5.14107778491328e-05,10047.394503783578,1.5278957276804224,0.0,0.0,-4.765118140919764e-06,2.0730143489642406e-06,2.236945347874816e-05
0.30452500000000005,0.11,0.00031393502030468675,5.14107778491328e-05,10057.926616200493,1.5278957276804224,0.0,0.0,-4.765118140919764e-06,2.0730114439296292e-06,2.2369450573713494e-05
0.30452500000000005,0.13,0.00031393502030468675,5.14107778491328e-05,10068.458727571136,1.5278957276804224,0.0,0.0,-4.765118140919764e-06,2.073011443946895e-06,2.2369450573730706e-05
0.30452500000000005,0.15,0.00031393502030468675,5.14107778491328e-05,10078.990839988053,1.5278957276804224,0.0,0.0,-4.765118140919764e-06,2.0730162856454433e-06,2.2369455415429308e-05
0.30452500000000005,0.17,0.00031393502030468675,5.14107778491328e-05,10089.522952012616,1.5278957276804224,0.0,0.0,-4.765118140919764e-06,,
0.32795,0.03,0.00031393502030468675,4.8057588465300974e-05,10014.53865378211,1.577209667188903,0.0,0.0,-6.225926703798529e-06,,
0.32795,0.05,0.00031393502030468675,4.8057588465300974e-05,10024.231090278761,1.577209667188903,0.0,0.0,-6.225926703798529e-06,1.897070099915099e-06,2.2641311126746432e-05
0.32795,0.07,0.00031393502030468675,4.8057588465300974e-05,10033.923526414337,1.577209667188903,0.0,0.0,-6.225926703798529e-06,1.8970656441649312e-06,2.2641306670996264e-05
0.32795,0.09,0.00031393502030468675,4.8057588465300974e-05,10043.615962309195,1.577209667188903,0.0,0.0,-6.225926703798529e-06,1.8970683175925997e-06,2.2641309344423933e-05
0.32795,0.11,0.00031393502030468675,4.8057588465300974e-05,10053.308398805844,1.577209667188903,0.0,0.0,-6.225926703798529e-06,1.8970656442080282e-06,2.264130667103936e-05
0.32795,0.13,0.00031393502030468675,4.8057588465300974e-05,10063.000834339635,1.577209667188903,0.0,0.0,-6.225926703798529e-06,1.89706564418217e-06,2.2641306671013503e-05
0.32795,0.15,0.00031393502030468675,4.8057588465300974e-05,10072.69327083628,1.577209667188903,0.0,0.0,-6.225926703798529e-06,1.89707009988054e-06,2.2641311126711927e-05
0.32795,0.17,0.00031393502030468675,4.8057588465300974e-05,10082.385706971858,1.577209667188903,0.0,0.0,-6.225926703798529e-06,,
0.351375,0.03,0.00031393502030468675,4.5067049931877833e-05,10012.873873307122,1.6266622379070013,0.0,0.0,-7.068937953386893e-06,,
0.351375,0.05,0.00031393502030468675,4.5067049931877833e-05,10021.456456080272,1.6266622379070013,0.0,0.0,-7.068937953386893e-06,1.672181724927529e-06,2.235598503917703e-05
0.351375,0.07,0.00031393502030468675,4.5067049931877833e-05,10030.039038533694,1.6266622379070013,0.0,0.0,-7.068937953386893e-06,1.6721777794541052e-06,2.2355981093703605e-05
0.351375,0.09,0.00031393502030468675,4.5067049931877833e-05,10038.621620773969,1.6266622379070013,0.0,0.0,-7.068937953386893e-06,1.672180146750243e-06,2.2355983460999742e-05
0.351375,0.11,0.00031393502030468675,4.5067049931877833e-05,10047.204203547119,1.6266622379070013,0.0,0.0,-7.068937953386893e-06,1.6721777794454858e-06,2.2355981093694985e-05
0.351375,0.13,0.00031393502030468675,4.5067049931877833e-05,10055.786785467666,1.6266622379070013,0.0,0.0,-7.068937953386893e-06,1.6721777794541052e-06,2.2355981093703605e-05
0.351375,0.15,0.00031393502030468675,4.5067049931877833e-05,10064.369368240816,1.6266622379070013,0.0,0.0,-7.068937953386893e-06,1.672181724927529e-06,2.2355985039177e-05
0.351375,0.17,0.00031393502030468675,4.5067049931877833e-05,10072.95195069424,1.6266622379070013,0.0,0.0,-7.068937953386893e-06,,
0.3748,0.03,0.00031393502030468675,4.2512799232584644e-05,10010.844818574511,1.6725358355149007,0.0,0.0,-7.273394154926056e-06,,
0.3748,0.05,0.00031393502030468675,4.2512799232584644e-05,10018.074698102999,1.6725358355149007,0.0,0.0,-7.273394154926056e-06,1.403888658931087e-06,2.1520502828034487e-05
0.3748,0.07,0.00031393502030468675,4.2512799232584644e-05,10025.304577362152,1.6725358355149007,0.0,0.0,-7.273394154926056e-06,1.4038853353143687e-06,2.152049950441774e-05
0.3748,0.09,0.00031393502030468675,4.2512799232584644e-05,10032.534456441754,1.6725358355149007,0.0,0.0,-7.273394154926056e-06,1.4038873295395205e-06,2.1520501498642947e-05
0.3748,0.11,0.00031393502030468675,4.2512799232584644e-05,10039.764335970247,1.6725358355149007,0.0,0.0,-7.273394154926056e-06,1.4038853353315669e-06,2.1520499504434967e-05
0.3748,0.13,0.00031393502030468675,4.2512799232584644e-05,10046.99421478051,1.6725358355149007,0.0,0.0,-7.273394154926056e-06,1.4038853352971164e-06,2.152049950440049e-05
0.3748,0.15,0.00031393502030468675,4.2512799232584644e-05,10054.224094309,1.6725358355149007,0.0,0.0,-7.273394154926056e-06,1.40388865893972e-06,2.152050282804312e-05
0.3748,0.17,0.00031393502030468675,4.2512799232584644e-05,10061.453973568154,1.6725358355149007,0.0,0.0,-7.273394154926056e-06,,
0.39822500000000005,0.03,0.00031393502030468675,4.0457730496710054e-05,10008.501451645841,1.710047295402436,0.0,0.0,-6.834260918182892e-06,,
0.39822500000000005,0.05,0.00031393502030468675,4.0457730496710054e-05,10014.169086451757,1.710047295402436,0.0,0.0,-6.834260918182892e-06,1.0987971676488865e-06,2.0155436838188262e-05
0.39822500000000005,0.07,0.00031393502030468675,4.0457730496710054e-05,10019.836721046535,1.710047295402436,0.0,0.0,-6.834260918182892e-06,1.0987945621690762e-06,2.0155434232708424e-05
0.39822500000000005,0.09,0.00031393502030468675,4.0457730496710054e-05,10025.504355500556,1.710047295402436,0.0,0.0,-6.834260918182892e-06,1.0987961254603613e-06,2.0155435795999764e-05
0.39822500000000005,0.11,0.00031393502030468675,4.0457730496710054e-05,10031.171990306471,1.710047295402436,0.0,0.0,-6.834260918182892e-06,1.0987945621862743e-06,2.015543423272565e-05
0.39822500000000005,0.13,0.00031393502030468675,4.0457730496710054e-05,10036.839624549357,1.710047295402436,0.0,0.0,-6.834260918182892e-06,1.098794562177682e-06,2.015543423271703e-05
0.39822500000000005,0.15,0.00031393502030468675,4.0457730496710054e-05,10042.50725935527,1.710047295402436,0.0,0.0,-6.834260918182892e-06,1.098797167631607e-06,2.0155436838170982e-05
0.39822500000000005,0.17,0.00031393502030468675,4.0457730496710054e-05,10048.174893950048,1.710047295402436,0.0,0.0,-6.834260918182892e-06,,
0.42165,0.03,0.00031393502030468675,3.895244633691342e-05,10005.901473992091,1.7340359247105095,0.0,0.0,-5.762351160845669e-06,,
0.42165,0.05,0.00031393502030468675,3.895244633691342e-05,10009.835790247378,1.7340359247105095,0.0,0.0,-5.762351160845669e-06,7.644196160527988e-07,1.8294399524618553e-05
0.42165,0.07,0.00031393502030468675,3.895244633691342e-05,10013.770106356102,1.7340359247105095,0.0,0.0,-5.762351160845669e-06,7.644178074235027e-07,1.8294397715989257e-05
0.42165,0.09,0.00031393502030468675,3.895244633691342e-05,10017.704422367115,1.7340359247105095,0.0,0.0,-5.762351160845669e-06,7.644188925890159e-07,1.829439880115477e-05
0.42165,0.11,0.00031393502030468675,3.895244633691342e-05,10021.638738622401,1.7340359247105095,0.0,0.0,-5.762351160845669e-06,7.644178074062638e-07,1.8294397715972018e-05
0.42165,0.13,0.00031393502030468675,3.895244633691342e-05,10025.57305448685,1.7340359247105095,0.0,0.0,-5.762351160845669e-06,7.644178074148765e-07,1.829439771598063e-05
0.42165,0.15,0.00031393502030468675,3.895244633691342e-05,10029.507370742136,1.7340359247105095,0.0,0.0,-5.762351160845669e-06,7.644196160527717e-07,1.8294399524618526e-05
0.42165,0.17,0.00031393502030468675,3.895244633691342e-05,10033.44168685086,1.7340359247105095,0.0,0.0,-5.762351160845669e-06,,
0.445075,0.03,0.00031393502030468675,3.8034011844960636e-05,10003.108905691923,1.7401700958920552,0.0,0.0,-4.084058858604563e-06,,
0.445075,0.05,0.00031393502030468675,3.8034011844960636e-05,10005.181509623802,1.7401700958920552,0.0,0.0,-4.084058858604563e-06,4.089894892645268e-07,1.5983215802480113e-05
0.445075,0.07,0.00031393502030468675,3.8034011844960636e-05,10007.254113478473,1.7401700958920552,0.0,0.0,-4.084058858604563e-06,4.0898853644344604e-07,1.5983214849659005e-05
0.445075,0.09,0.00031393502030468675,3.8034011844960636e-05,10009.326717281665,1.7401700958920552,0.0,0.0,-4.084058858604563e-06,4.089891081170952e-07,1.5983215421332708e-05
0.445075,0.11,0.00031393502030468675,3.8034011844960636e-05,10011.399321213547,1.7401700958920552,0.0,0.0,-4.084058858604563e-06,4.0898853646928393e-07,1.598321484968487e-05
0.445075,0.13,0.00031393502030468675,3.8034011844960636e-05,10013.471924939531,1.7401700958920552,0.0,0.0,-4.084058858604563e-06,4.0898853646068486e-07,1.5983214849676244e-05
0.445075,0.15,0.00031393502030468675,3.8034011844960636e-05,10015.54452887141,1.7401700958920552,0.0,0.0,-4.084058858604563e-06,4.089894892386686e-07,1.5983215802454227e-05
0.445075,0.17,0.00031393502030468675,3.8034011844960636e-05,10017.61713272608,1.7401700958920552,0.0,0.0,-4.084058858604563e-06,,
0.4685,0.03,0.00031393502030468675,3.772504192615288e-05,10000.192509044893,1.7263241861224685,0.0,0.0,-1.8407091378735618e-06,,
0.4685,0.05,0.00031393502030468675,3.772504192615288e-05,10000.320848416653,1.7263241861224685,0.0,0.0,-1.8407091378735618e-06,4.125865652639401e-08,1.3278794685306835e-05
0.4685,0.07,0.00031393502030468675,3.772504192615288e-05,10000.449187783634,1.7263241861224685,0.0,0.0,-1.8407091378735618e-06,4.12585975428869e-08,1.3278794626323328e-05
0.4685,0.09,0.00031393502030468675,3.772504192615288e-05,10000.577527147427,1.7263241861224685,0.0,0.0,-1.8407091378735618e-06,4.1258632934714834e-08,1.3278794661715155e-05
0.4685,0.11,0.00031393502030468675,3.772504192615288e-05,10000.705866519187,1.7263241861224685,0.0,0.0,-1.8407091378735618e-06,4.125859755150652e-08,1.3278794626331948e-05
0.4685,0.13,0.00031393502030468675,3.772504192615288e-05,10000.834205878202,1.7263241861224685,0.0,0.0,-1.8407091378735618e-06,4.12585975428869e-08,1.3278794626323328e-05
0.4685,0.15,0.00031393502030468675,3.772504192615288e-05,10000.96254524996,1.7263241861224685,0.0,0.0,-1.8407091378735618e-06,4.125865652639401e-08,1.3278794685306808e-05
0.4685,0.17,0.00031393502030468675,3.772504192615288e-05,10001.090884616942,1.7263241861224685,0.0,0.0,-1.8407091378735618e-06,,
0.49192500000000006,0.03,0.00031393502030468675,3.8033144445303585e-05,9997.224095415413,1.693481335906814,0.0,0.0,9.124592859720784e-07,,
0.49192500000000006,0.05,0.00031393502030468675,3.8033144445303585e-05,9995.373492236458,1.693481335906814,0.0,0.0,9.124592859720784e-07,-3.2971812854087564e-07,1.024772799655267e-05
0.49192500000000006,0.07,0.00031393502030468675,3.8033144445303585e-05,9993.522889126447,1.693481335906814,0.0,0.0,9.124592859720784e-07,-3.2971727776649577e-07,1.0247728847327049e-05
0.49192500000000006,0.09,0.00031393502030468675,3.8033144445303585e-05,9991.672286062398,1.693481335906814,0.0,0.0,9.124592859720784e-07,-3.297177882156108e-07,1.0247728336877934e-05
0.49192500000000006,0.11,0.00031393502030468675,3.8033144445303585e-05,9989.821682883445,1.693481335906814,0.0,0.0,9.124592859720784e-07,-3.297172777751118e-07,1.0247728847318433e-05
0.49192500000000006,0.13,0.00031393502030468675,3.8033144445303585e-05,9987.971079888335,1.693481335906814,0.0,0.0,9.124592859720784e-07,-3.297172777751118e-07,1.0247728847318433e-05
0.49192500000000006,0.15,0.00031393502030468675,3.8033144445303585e-05,9986.120476709382,1.693481335906814,0.0,0.0,9.124592859720784e-07,-3.2971812853225624e-07,1.0247727996561289e-05
0.49192500000000006,0.17,0.00031393502030468675,3.8033144445303585e-05,9984.26987359937,1.693481335906814,0.0,0.0,9.124592859720784e-07,,
0.51535,0.03,0.00031393502030468675,3.8950732895857634e-05,9994.276756998639,1.645612216265615,0.0,0.0,4.107654269095107e-06,,
0.51535,0.05,0.00031393502030468675,3.8950732895857634e-05,9990.461261411712,1.645612216265615,0.0,0.0,4.107654269095107e-06,-6.948061862773922e-07,6.964650657638555e-06
0.51535,0.07,0.00031393502030468675,3.8950732895857634e-05,9986.645765966923,1.645612216265615,0.0,0.0,4.107654269095107e-06,-6.94804432278726e-07,6.964652411637248e-06
0.51535,0.09,0.00031393502030468675,3.8950732895857634e-05,9982.83027061689,1.645612216265615,0.0,0.0,4.107654269095107e-06,-6.948054846986096e-07,6.96465135921731e-06
0.51535,0.11,0.00031393502030468675,3.8950732895857634e-05,9979.014775029962,1.645612216265615,0.0,0.0,4.107654269095107e-06,-6.948044322959648e-07,6.964652411619982e-06
0.51535,0.13,0.00031393502030468675,3.8950732895857634e-05,9975.199279822067,1.645612216265615,0.0,0.0,4.107654269095107e-06,-6.948044322959648e-07,6.964652411620009e-06
0.51535,0.15,0.00031393502030468675,3.8950732895857634e-05,9971.383784235139,1.645612216265615,0.0,0.0,4.107654269095107e-06,-6.948061863032707e-07,6.964650657612676e-06
0.51535,0.17,0.00031393502030468675,3.8950732895857634e-05,9967.568288790348,1.645612216265615,0.0,0.0,4.107654269095107e-06,,
0.538775,0.03,0.00031393502030468675,4.0455213204860916e-05,9991.423067048056,1.5885269161596327,0.0,0.0,7.666199506766905e-06,,
0.538775,0.05,0.00031393502030468675,4.0455213204860916e-05,9985.705111368075,1.5885269161596327,0.0,0.0,7.666199506766905e-06,-1.0450158371400178e-06,3.5104029284613703e-06
0.538775,0.07,0.00031393502030468675,4.0455213204860916e-05,9979.987155901106,1.5885269161596327,0.0,0.0,7.666199506766905e-06,-1.0450132085425778e-06,3.5104055570588104e-06
0.538775,0.09,0.00031393502030468675,4.0455213204860916e-05,9974.269200576144,1.5885269161596327,0.0,0.0,7.666199506766905e-06,-1.0450147857113797e-06,3.5104039798900085e-06
0.538775,0.11,0.00031393502030468675,4.0455213204860916e-05,9968.551244896164,1.5885269161596327,0.0,0.0,7.666199506766905e-06,-1.0450132085511972e-06,3.510405557050191e-06
0.538775,0.13,0.00031393502030468675,4.0455213204860916e-05,9962.833289784212,1.5885269161596327,0.0,0.0,7.666199506766905e-06,-1.045013208559803e-06,3.510405557041585e-06
0.538775,0.15,0.00031393502030468675,4.0455213204860916e-05,9957.11533410423,1.5885269161596327,0.0,0.0,7.666199506766905e-06,-1.045015837165876e-06,3.510402928435512e-06
0.538775,0.17,0.00031393502030468675,4.0455213204860916e-05,9951.39737863726,1.5885269161596327,0.0,0.0,7.666199506766905e-06,,
0.5622,0.03,0.00031393502030468675,4.250954007402186e-05,9988.733292881094,1.5282862108182007,0.0,0.0,1.1500471805101418e-05,,
0.5622,0.05,0.00031393502030468675,4.250954007402186e-05,9981.22215430438,1.5282862108182007,0.0,0.0,1.1500471805101418e-05,-1.371723757174978e-06,-2.9960147825218556e-08
0.5622,0.07,0.00031393502030468675,4.250954007402186e-05,9973.711016007483,1.5282862108182007,0.0,0.0,1.1500471805101418e-05,-1.3717203042392325e-06,-2.995669488950017e-08
0.5622,0.09,0.00031393502030468675,4.250954007402186e-05,9966.199877897121,1.5282862108182007,0.0,0.0,1.1500471805101418e-05,-1.3717223760317449e-06,-2.995876668195836e-08
0.5622,0.11,0.00031393502030468675,4.250954007402186e-05,9958.688739320409,1.5282862108182007,0.0,0.0,1.1500471805101418e-05,-1.3717203042564984e-06,-2.9956694906738986e-08
0.5622,0.13,0.00031393502030468675,4.250954007402186e-05,9951.17760148986,1.5282862108182007,0.0,0.0,1.1500471805101418e-05,-1.3717203042564713e-06,-2.9956694906738986e-08
0.5622,0.15,0.00031393502030468675,4.250954007402186e-05,9943.666462913148,1.5282862108182007,0.0,0.0,1.1500471805101418e-05,-1.3717237571922032e-06,-2.996014784244382e-08
0.5622,0.17,0.00031393502030468675,4.250954007402186e-05,9936.155324616248,1.5282862108182007,0.0,0.0,1.1500471805101418e-05,,
0.5856250000000001,0.03,0.00031393502030468675,4.5063129157901766e-05,9986.273665664596,1.4699030418323877,0.0,0.0,1.551605865489347e-05,,
0.5856250000000001,0.05,0.00031393502030468675,4.5063129157901766e-05,9977.122775501619,1.4699030418323877,0.0,0.0,1.551605865489347e-05,-1.666885313151372e-06,-3.569263082533415e-06
0.5856250000000001,0.07,0.00031393502030468675,4.5063129157901766e-05,9967.971885679543,1.4699030418323877,0.0,0.0,1.551605865489347e-05,-1.6668811064110828e-06,-3.569258875793153e-06
0.5856250000000001,0.09,0.00031393502030468675,4.5063129157901766e-05,9958.820996084727,1.4699030418323877,0.0,0.0,1.551605865489347e-05,-1.6668836304535813e-06,-3.5692613998355973e-06
0.5856250000000001,0.11,0.00031393502030468675,4.5063129157901766e-05,9949.670105921754,1.4699030418323877,0.0,0.0,1.551605865489347e-05,-1.6668811064024905e-06,-3.5692588757845336e-06
0.5856250000000001,0.13,0.00031393502030468675,4.5063129157901766e-05,9940.519216667837,1.4699030418323877,0.0,0.0,1.551605865489347e-05,-1.6668811064110828e-06,-3.569258875793153e-06
0.5856250000000001,0.15,0.00031393502030468675,4.5063129157901766e-05,9931.368326504862,1.4699030418323877,0.0,0.0,1.551605865489347e-05,-1.6668853131600186e-06,-3.5692630825420617e-06
0.5856250000000001,0.17,0.00031393502030468675,4.5063129157901766e-05,9922.217436682784,1.4699030418323877,0.0,0.0,1.551605865489347e-05,,
0.6090500000000001,0.03,0.00031393502030468675,4.805310261837922e-05,9984.104749583663,1.416729928390373,0.0,0.0,1.9614082980932498e-05,,
0.6090500000000001,0.05,0.00031393502030468675,4.805310261837922e-05,9973.507915270973,1.416729928390373,0.0,0.0,1.9614082980932498e-05,-1.9232326479296805e-06,-7.020356491091366e-06
0.6090500000000001,0.07,0.00031393502030468675,4.805310261837922e-05,9962.911081353044,1.416729928390373,0.0,0.0,1.9614082980932498e-05,-1.9232277764936623e-06,-7.020351619655347e-06
0.6090500000000001,0.09,0.00031393502030468675,4.805310261837922e-05,9952.31424769829,1.416729928390373,0.0,0.0,1.9614082980932498e-05,-1.9232306993621796e-06,-7.020354542523865e-06
0.6090500000000001,0.11,0.00031393502030468675,4.805310261837922e-05,9941.717413385599,1.416729928390373,0.0,0.0,1.9614082980932498e-05,-1.9232277764936623e-06,-7.020351619655347e-06
0.6090500000000001,0.13,0.00031393502030468675,4.805310261837922e-05,9931.120580125607,1.416729928390373,0.0,0.0,1.9614082980932498e-05,-1.9232277765022546e-06,-7.02035161966394e-06
0.6090500000000001,0.15,0.00031393502030468675,4.805310261837922e-05,9920.523745812914,1.416729928390373,0.0,0.0,1.9614082980932498e-05,-1.9232326479469735e-06,-7.0203564911086044e-06
0.6090500000000001,0.17,0.00031393502030468675,4.805310261837922e-05,9909.926911894987,1.416729928390373,0.0,0.0,1.9614082980932498e-05,,
0.632475,0.03,0.00031393502030468675,5.1405837385704235e-05,9982.279950550432,1.3704843121277295,0.0,0.0,2.3693637823748392e-05,,
0.632475,0.05,0.00031393502030468675,5.1405837385704235e-05,9970.46658346835,1.3704843121277295,0.0,0.0,2.3693637823748392e-05,-2.134453639404968e-06,-1.0298263000303317e-05
0.632475,0.07,0.00031393502030468675,5.1405837385704235e-05,9958.653216826351,1.3704843121277295,0.0,0.0,2.3693637823748392e-05,-2.134448208681497e-06,-1.0298257569579846e-05
0.632475,0.09,0.00031393502030468675,5.1405837385704235e-05,9946.839850477741,1.3704843121277295,0.0,0.0,2.3693637823748392e-05,-2.134451467117309e-06,-1.0298260828015658e-05
0.632475,0.11,0.00031393502030468675,5.1405837385704235e-05,9935.026483395659,1.3704843121277295,0.0,0.0,2.3693637823748392e-05,-2.134448208698736e-06,-1.0298257569597085e-05
0.632475,0.13,0.00031393502030468675,5.1405837385704235e-05,9923.213117487132,1.3704843121277295,0.0,0.0,2.3693637823748392e-05,-2.134448208698736e-06,-1.0298257569597085e-05
0.632475,0.15,0.00031393502030468675,5.1405837385704235e-05,9911.39975040505,1.3704843121277295,0.0,0.0,2.3693637823748392e-05,-2.134453639404968e-06,-1.0298263000303317e-05
0.632475,0.17,0.00031393502030468675,5.1405837385704235e-05,9899.586383763051,1.3704843121277295,0.0,0.0,2.3693637823748392e-05,,
0.6559,0.03,0.00031393502030468675,5.5038778002816566e-05,9980.844201173257,1.3316301756380853,0.0,0.0,2.76542710038448e-05,,
0.6559,0.05,0.00031393502030468675,5.5038778002816566e-05,9968.073667776336,1.3316301756380853,0.0,0.0,2.76542710038448e-05,-2.2953473257091084e-06,-1.3322269673108787e-05
0.6559,0.07,0.00031393502030468675,5.5038778002816566e-05,9955.303134855156,1.3316301756380853,0.0,0.0,2.76542710038448e-05,-2.2953414550012443e-06,-1.3322263802400869e-05
0.6559,0.09,0.00031393502030468675,5.5038778002816566e-05,9942.532602251133,1.3316301756380853,0.0,0.0,2.76542710038448e-05,-2.295344977444947e-06,-1.332226732484468e-05
0.6559,0.11,0.00031393502030468675,5.5038778002816566e-05,9929.762068854212,1.3316301756380853,0.0,0.0,2.76542710038448e-05,-2.2953414550012443e-06,-1.3322263802400923e-05
0.6559,0.13,0.00031393502030468675,5.5038778002816566e-05,9916.99153672593,1.3316301756380853,0.0,0.0,2.76542710038448e-05,-2.295341454992652e-06,-1.3322263802392276e-05
0.6559,0.15,0.00031393502030468675,5.5038778002816566e-05,9904.221003329008,1.3316301756380853,0.0,0.0,2.76542710038448e-05,-2.2953473257264285e-06,-1.3322269673126107e-05
0.6559,0.17,0.00031393502030468675,5.5038778002816566e-05,9891.450470407826,1.3316301756380853,0.0,0.0,2.76542710038448e-05,,
0.6793250000000001,0.03,0.00031393502030468675,5.8862469414684234e-05,9979.832854366787,1.299842198757282,0.0,0.0,3.139845858773982e-05,,
0.6793250000000001,0.05,0.00031393502030468675,5.8862469414684234e-05,9966.388089720898,1.299842198757282,0.0,0.0,3.139845858773982e-05,-2.401951970392604e-06,-1.601791542920339e-05
0.6793250000000001,0.07,0.00031393502030468675,5.8862469414684234e-05,9952.943325575867,1.299842198757282,0.0,0.0,3.139845858773982e-05,-2.4019457896915793e-06,-1.6017909248502366e-05
0.6793250000000001,0.09,0.00031393502030468675,5.8862469414684234e-05,9939.498561764742,1.299842198757282,0.0,0.0,3.139845858773982e-05,-2.401949498093302e-06,-1.601791295690409e-05
0.6793250000000001,0.11,0.00031393502030468675,5.8862469414684234e-05,9926.053797118855,1.299842198757282,0.0,0.0,3.139845858773982e-05,-2.4019457896916335e-06,-1.601790924850242e-05
0.6793250000000001,0.13,0.00031393502030468675,5.8862469414684234e-05,9912.609033808585,1.299842198757282,0.0,0.0,3.139845858773982e-05,-2.401945789700226e-06,-1.6017909248511013e-05
0.6793250000000001,0.15,0.00031393502030468675,5.8862469414684234e-05,9899.164269162697,1.299842198757282,0.0,0.0,3.139845858773982e-05,-2.4019519703754195e-06,-1.6017915429186152e-05
0.6793250000000001,0.17,0.00031393502030468675,5.8862469414684234e-05,9885.719505017667,1.299842198757282,0.0,0.0,3.139845858773982e-05,,
0.70275,0.03,0.00031393502030468675,6.278275964864283e-05,9979.270812845862,1.2743951462616288,0.0,0.0,3.483400625087178e-05,,
0.70275,0.05,0.00031393502030468675,6.278275964864283e-05,9965.451353827877,1.2743951462616288,0.0,0.0,3.483400625087178e-05,-2.4516426132051555e-06,-1.831882452363906e-05
0.70275,0.07,0.00031393502030468675,6.278275964864283e-05,9951.631895324706,1.2743951462616288,0.0,0.0,3.483400625087178e-05,-2.451636260259913e-06,-1.831881817069387e-05
0.70275,0.09,0.00031393502030468675,6.278275964864283e-05,9937.812437164748,1.2743951462616288,0.0,0.0,3.483400625087178e-05,-2.451640072027167e-06,-1.8318821982461016e-05
0.70275,0.11,0.00031393502030468675,6.278275964864283e-05,9923.992978146762,1.2743951462616288,0.0,0.0,3.483400625087178e-05,-2.451636260277206e-06,-1.831881817071111e-05
0.70275,0.13,0.00031393502030468675,6.278275964864283e-05,9910.173520501618,1.2743951462616288,0.0,0.0,3.483400625087178e-05,-2.451636260259913e-06,-1.831881817069387e-05
0.70275,0.15,0.00031393502030468675,6.278275964864283e-05,9896.354061483633,1.2743951462616288,0.0,0.0,3.483400625087178e-05,-2.451642613213856e-06,-1.831882452364776e-05
0.70275,0.17,0.00031393502030468675,6.278275964864283e-05,9882.53460298046,1.2743951462616288,0.0,0.0,3.483400625087178e-05,,
0.726175,0.03,0.00031393502030468675,6.670311814843493e-05,9979.17191593804,1.2544299578179698,0.0,0.0,3.7876319407845375e-05,,
0.726175,0.05,0.00031393502030468675,6.670311814843493e-05,9965.286525643804,1.2544299578179698,0.0,0.0,3.7876319407845375e-05,-2.4431957056709786e-06,-2.0168340938295344e-05
0.726175,0.07,0.00031393502030468675,6.670311814843493e-05,9951.401135866841,1.2544299578179698,0.0,0.0,3.7876319407845375e-05,-2.4431893224194395e-06,-2.016833455504386e-05
0.726175,0.09,0.00031393502030468675,6.670311814843493e-05,9937.515746434727,1.2544299578179698,0.0,0.0,3.7876319407845375e-05,-2.4431931523480284e-06,-2.016833838497234e-05
0.726175,0.11,0.00031393502030468675,6.670311814843493e-05,9923.630356140495,1.2544299578179698,0.0,0.0,3.7876319407845375e-05,-2.443189322428086e-06,-2.016833455505245e-05
0.726175,0.13,0.00031393502030468675,6.670311814843493e-05,9909.74496722565,1.2544299578179698,0.0,0.0,3.7876319407845375e-05,-2.443189322453917e-06,-2.0168334555078337e-05
0.726175,0.15,0.00031393502030468675,6.670311814843493e-05,9895.859576931414,1.2544299578179698,0.0,0.0,3.7876319407845375e-05,-2.443195705662359e-06,-2.016834093828678e-05
0.726175,0.17,0.00031393502030468675,6.670311814843493e-05,9881.974187154454,1.2544299578179698,0.0,0.0,3.7876319407845375e-05,,
0.7496,0.03,0.00031393502030468675,7.052701267687173e-05,9979.538598813406,1.2391086129627369,0.0,0.0,4.0450486211877455e-05,,
0.7496,0.05,0.00031393502030468675,7.052701267687173e-05,9965.897663785607,1.2391086129627369,0.0,0.0,4.0450486211877455e-05,-2.3768192386725996e-06,-2.1520923440835735e-05
0.7496,0.07,0.00031393502030468675,7.052701267687173e-05,9952.256729265971,1.2391086129627369,0.0,0.0,4.0450486211877455e-05,-2.376812967794035e-06,-2.152091716995728e-05
0.7496,0.09,0.00031393502030468675,7.052701267687173e-05,9938.615795085116,1.2391086129627369,0.0,0.0,4.0450486211877455e-05,-2.3768167303177205e-06,-2.1520920932480747e-05
0.7496,0.11,0.00031393502030468675,7.052701267687173e-05,9924.974860057315,1.2391086129627369,0.0,0.0,4.0450486211877455e-05,-2.3768129678284854e-06,-2.152091716999162e-05
0.7496,0.13,0.00031393502030468675,7.052701267687173e-05,9911.33392638462,1.2391086129627369,0.0,0.0,4.0450486211877455e-05,-2.376812967794035e-06,-2.152091716995728e-05
0.7496,0.15,0.00031393502030468675,7.052701267687173e-05,9897.692991356824,1.2391086129627369,0.0,0.0,4.0450486211877455e-05,-2.3768192386467414e-06,-2.1520923440809877e-05
0.7496,0.17,0.00031393502030468675,7.052701267687173e-05,9884.052056837189,1.2391086129627369,0.0,0.0,4.0450486211877455e-05,,
0.7730250000000001,0.03,0.00031393502030468675,7.416028625988481e-05,9980.361832522623,1.2276898367514877,0.0,0.0,4.249312213308289e-05,,
0.7730250000000001,0.05,0.00031393502030468675,7.416028625988481e-05,9967.269720003982,1.2276898367514877,0.0,0.0,4.249312213308289e-05,-2.254147621104179e-06,-2.2343266961069485e-05
0.7730250000000001,0.07,0.00031393502030468675,7.416028625988481e-05,9954.17760797306,1.2276898367514877,0.0,0.0,4.249312213308289e-05,-2.254141602554019e-06,-2.2343260942519216e-05
0.7730250000000001,0.09,0.00031393502030468675,7.416028625988481e-05,9941.085496267284,1.2276898367514877,0.0,0.0,4.249312213308289e-05,-2.2541452136841313e-06,-2.2343264553649545e-05
0.7730250000000001,0.11,0.00031393502030468675,7.416028625988481e-05,9927.993383748644,1.2276898367514877,0.0,0.0,4.249312213308289e-05,-2.254141602554019e-06,-2.2343260942519324e-05
0.7730250000000001,0.13,0.00031393502030468675,7.416028625988481e-05,9914.901272530586,1.2276898367514877,0.0,0.0,4.249312213308289e-05,-2.254141602554019e-06,-2.2343260942519216e-05
0.7730250000000001,0.15,0.00031393502030468675,7.416028625988481e-05,9901.809160011946,1.2276898367514877,0.0,0.0,4.249312213308289e-05,-2.254147621095587e-06,-2.2343266961060892e-05
0.7730250000000001,0.17,0.00031393502030468675,7.416028625988481e-05,9888.717047981025,1.2276898367514877,0.0,0.0,4.249312213308289e-05,,
0.7964500000000001,0.03,0.00031393502030468675,7.751347564371666e-05,9981.62134631961,1.2195564291234542,0.0,0.0,4.395393069596167e-05,,
0.7964500000000001,0.05,0.00031393502030468675,7.751347564371666e-05,9969.36890972124,1.2195564291234542,0.0,0.0,4.395393069596167e-05,-2.0782014353311053e-06,-2.261512267234388e-05
0.7964500000000001,0.07,0.00031393502030468675,7.751347564371666e-05,9957.116473579306,1.2195564291234542,0.0,0.0,4.395393069596167e-05,-2.078195802798389e-06,-2.2615117039811165e-05
0.7964500000000001,0.09,0.00031393502030468675,7.751347564371666e-05,9944.864037741663,1.2195564291234542,0.0,0.0,4.395393069596167e-05,-2.0781991823214774e-06,-2.2615120419334253e-05
0.7964500000000001,0.11,0.00031393502030468675,7.751347564371666e-05,9932.611601143293,1.2195564291234542,0.0,0.0,4.395393069596167e-05,-2.078195802755292e-06,-2.2615117039768068e-05
0.7964500000000001,0.13,0.00031393502030468675,7.751347564371666e-05,9920.359165762093,1.2195564291234542,0.0,0.0,4.395393069596167e-05,-2.0781958027811233e-06,-2.26151170397939e-05
0.7964500000000001,0.15,0.00031393502030468675,7.751347564371666e-05,9908.10672916372,1.2195564291234542,0.0,0.0,4.395393069596167e-05,-2.078201435357099e-06,-2.2615122672369874e-05
0.7964500000000001,0.17,0.00031393502030468675,7.751347564371666e-05,9895.854293021785,1.2195564291234542,0.0,0.0,4.395393069596167e-05,,
0.819875,0.03,0.00031393502030468675,8.050401417713978e-05,9983.286126794603,1.2142167233480348,0.0,0.0,4.479694194555004e-05,,
0.819875,0.05,0.00031393502030468675,8.050401417713978e-05,9972.143543919728,1.2142167233480348,0.0,0.0,4.479694194555004e-05,-1.8533130604045692e-06,-2.232979658483552e-05
0.819875,0.07,0.00031393502030468675,8.050401417713978e-05,9961.000961459944,1.2142167233480348,0.0,0.0,4.479694194555004e-05,-1.85330793804511e-06,-2.2329791462476062e-05
0.819875,0.09,0.00031393502030468675,8.050401417713978e-05,9949.858379276895,1.2142167233480348,0.0,0.0,4.479694194555004e-05,-1.8533110114366403e-06,-2.2329794535867592e-05
0.819875,0.11,0.00031393502030468675,8.050401417713978e-05,9938.715796402019,1.2142167233480348,0.0,0.0,4.479694194555004e-05,-1.85330793804511e-06,-2.2329791462476062e-05
0.819875,0.13,0.00031393502030468675,8.050401417713978e-05,9927.573214634062,1.2142167233480348,0.0,0.0,4.479694194555004e-05,-1.85330793804511e-06,-2.2329791462476062e-05
0.819875,0.15,0.00031393502030468675,8.050401417713978e-05,9916.430631759185,1.2142167233480348,0.0,0.0,4.479694194555004e-05,-1.8533130604046777e-06,-2.232979658483552e-05
0.819875,0.17,0.00031393502030468675,8.050401417713978e-05,9905.288049299403,1.2142167233480348,0.0,0.0,4.479694194555004e-05,,
0.8433,0.03,0.00031393502030468675,8.305826487643296e-05,9985.315181527214,1.2112943534290628,0.0,0.0,4.5001398147089196e-05,,
0.8433,0.05,0.00031393502030468675,8.305826487643296e-05,9975.525301897,1.2112943534290628,0.0,0.0,4.5001398147089196e-05,-1.585019994425155e-06,-2.1494314373710008e-05
0.8433,0.07,0.00031393502030468675,8.305826487643296e-05,9965.735422631484,1.2112943534290628,0.0,0.0,4.5001398147089196e-05,-1.5850154939052167e-06,-2.149430987318996e-05
0.8433,0.09,0.00031393502030468675,8.305826487643296e-05,9955.945543609108,1.2112943534290628,0.0,0.0,4.5001398147089196e-05,-1.5850181941911751e-06,-2.1494312573476137e-05
0.8433,0.11,0.00031393502030468675,8.305826487643296e-05,9946.155663978892,1.2112943534290628,0.0,0.0,4.5001398147089196e-05,-1.5850154939223742e-06,-2.1494309873207227e-05
0.8433,0.13,0.00031393502030468675,8.305826487643296e-05,9936.365785321215,1.2112943534290628,0.0,0.0,4.5001398147089196e-05,-1.5850154939138362e-06,-2.149430987319858e-05
0.8433,0.15,0.00031393502030468675,8.305826487643296e-05,9926.575905691001,1.2112943534290628,0.0,0.0,4.5001398147089196e-05,-1.5850199944165356e-06,-2.149431437370139e-05
0.8433,0.17,0.00031393502030468675,8.305826487643296e-05,9916.786026425487,1.2112943534290628,0.0,0.0,4.5001398147089196e-05,,
0.8667250000000001,0.03,0.00031393502030468675,8.511333361230755e-05,9987.658548455884,1.210514347424753,0.0,0.0,4.4562264910346024e-05,,
0.8667250000000001,0.05,0.00031393502030468675,8.511333361230755e-05,9979.430913548244,1.210514347424753,0.0,0.0,4.4562264910346024e-05,-1.2799285031074817e-06,-2.0129248383828306e-05
0.8667250000000001,0.07,0.00031393502030468675,8.511333361230755e-05,9971.203278947107,1.210514347424753,0.0,0.0,4.4562264910346024e-05,-1.2799247207673722e-06,-2.0129244601488305e-05
0.8667250000000001,0.09,0.00031393502030468675,8.511333361230755e-05,9962.975644550308,1.210514347424753,0.0,0.0,4.4562264910346024e-05,-1.279926990171587e-06,-2.0129246870892303e-05
0.8667250000000001,0.11,0.00031393502030468675,8.511333361230755e-05,9954.748009642666,1.210514347424753,0.0,0.0,4.4562264910346024e-05,-1.2799247208019582e-06,-2.0129244601522783e-05
0.8667250000000001,0.13,0.00031393502030468675,8.511333361230755e-05,9946.520375552367,1.210514347424753,0.0,0.0,4.4562264910346024e-05,-1.2799247207845974e-06,-2.012924460150553e-05
0.8667250000000001,0.15,0.00031393502030468675,8.511333361230755e-05,9938.292740644729,1.210514347424753,0.0,0.0,4.4562264910346024e-05,-1.2799285031074817e-06,-2.0129248383828415e-05
0.8667250000000001,0.17,0.00031393502030468675,8.511333361230755e-05,9930.06510604359,1.210514347424753,0.0,0.0,4.4562264910346024e-05,,
0.89015,0.03,0.00031393502030468675,8.66186177721042e-05,9990.258526109634,1.2116896374887103,0.0,0.0,4.3490355153008814e-05,,
0.89015,0.05,0.00031393502030468675,8.66186177721042e-05,9983.764209752622,1.2116896374887103,0.0,0.0,4.3490355153008814e-05,-9.455509515116117e-07,-1.8268211070258817e-05
0.89015,0.07,0.00031393502030468675,8.66186177721042e-05,9977.26989363754,1.2116896374887103,0.0,0.0,4.3490355153008814e-05,-9.455479660479965e-07,-1.8268208084795202e-05
0.89015,0.09,0.00031393502030468675,8.66186177721042e-05,9970.775577683746,1.2116896374887103,0.0,0.0,4.3490355153008814e-05,-9.455497573175489e-07,-1.8268209876064755e-05
0.89015,0.11,0.00031393502030468675,8.66186177721042e-05,9964.281261326734,1.2116896374887103,0.0,0.0,4.3490355153008814e-05,-9.455479660221383e-07,-1.8268208084769344e-05
0.89015,0.13,0.00031393502030468675,8.66186177721042e-05,9957.786945614873,1.2116896374887103,0.0,0.0,4.3490355153008814e-05,-9.455479660048995e-07,-1.8268208084752105e-05
0.89015,0.15,0.00031393502030468675,8.66186177721042e-05,9951.292629257863,1.2116896374887103,0.0,0.0,4.3490355153008814e-05,-9.455509514943728e-07,-1.8268211070241687e-05
0.89015,0.17,0.00031393502030468675,8.66186177721042e-05,9944.798313142783,1.2116896374887103,0.0,0.0,4.3490355153008814e-05,,
0.913575,0.03,0.00031393502030468675,8.753705226405699e-05,9993.051094409799,1.2147098122634103,0.0,0.0,4.18120628507677e-05,,
0.913575,0.05,0.00031393502030468675,8.753705226405699e-05,9988.418490376194,1.2147098122634103,0.0,0.0,4.18120628507677e-05,-5.901208246805823e-07,-1.5957027348077616e-05
0.913575,0.07,0.00031393502030468675,8.753705226405699e-05,9983.78588651517,1.2147098122634103,0.0,0.0,4.18120628507677e-05,-5.901186950336596e-07,-1.5957025218430693e-05
0.913575,0.09,0.00031393502030468675,8.753705226405699e-05,9979.153282769195,1.2147098122634103,0.0,0.0,4.18120628507677e-05,-5.901199728460967e-07,-1.595702649624313e-05
0.913575,0.11,0.00031393502030468675,8.753705226405699e-05,9974.520678735591,1.2147098122634103,0.0,0.0,4.18120628507677e-05,-5.90118695042401e-07,-1.5957025218439434e-05
0.913575,0.13,0.00031393502030468675,8.753705226405699e-05,9969.888075162195,1.2147098122634103,0.0,0.0,4.18120628507677e-05,-5.901186950595314e-07,-1.5957025218456565e-05
0.913575,0.15,0.00031393502030468675,8.753705226405699e-05,9965.255471128588,1.2147098122634103,0.0,0.0,4.18120628507677e-05,-5.90120824706549e-07,-1.5957027348103474e-05
0.913575,0.17,0.00031393502030468675,8.753705226405699e-05,9960.622867267562,1.2147098122634103,0.0,0.0,4.18120628507677e-05,,
0.937,0.03,0.00031393502030468675,8.784602218286474e-05,9995.967491056834,1.2195327296481426,0.0,0.0,3.9568713130036696e-05,,
0.937,0.05,0.00031393502030468675,8.784602218286474e-05,9993.279151583345,1.2195327296481426,0.0,0.0,3.9568713130036696e-05,,
0.937,0.07,0.00031393502030468675,8.784602218286474e-05,9990.590812210008,1.2195327296481426,0.0,0.0,3.9568713130036696e-05,,
0.937,0.09,0.00031393502030468675,8.784602218286474e-05,9987.902472903435,1.2195327296481426,0.0,0.0,3.9568713130036696e-05,,
0.937,0.11,0.00031393502030468675,8.784602218286474e-05,9985.214133429949,1.2195327296481426,0.0,0.0,3.9568713130036696e-05,,
0.937,0.13,0.00031393502030468675,8.784602218286474e-05,9982.525794223526,1.2195327296481426,0.0,0.0,3.9568713130036696e-05,,
0.937,0.15,0.00031393502030468675,8.784602218286474e-05,9979.837454750039,1.2195327296481426,0.0,0.0,3.9568713130036696e-05,,
0.937,0.17,0.00031393502030468675,8.784602218286474e-05,9977.1491153767,1.2195327296481426,0.0,0.0,3.9568713130036696e-05,,
